StudentID,Age,Attendance,GPA,Math,English,Science,StudyHours,AssignmentCompletion,QuizScore,LearningLevel
1,17,51,3.48,55,54,48,6.2,83,87,Advanced
2,17,87,2.84,41,45,53,2.6,78,41,Advanced
3,19,95,3.3,74,66,54,4.1,57,91,Advanced
4,16,98,3.61,84,67,61,2.9,53,88,Advanced
5,21,56,2.19,46,62,94,3.4,56,91,Advanced
6,16,96,2.92,47,99,64,1.6,58,93,Advanced
7,21,86,2.38,44,42,82,2.6,58,45,Advanced
8,19,56,2.76,69,80,93,3.6,63,62,Advanced
9,19,92,2.53,99,83,81,1.5,80,50,Advanced
10,19,60,2.92,57,99,80,5.8,54,83,Advanced
11,21,99,3.55,54,92,42,6.6,65,57,Advanced
12,17,63,3.83,76,96,85,3.2,81,71,Advanced
13,22,91,2.92,56,48,55,6.2,74,56,Advanced
14,22,87,2.8,54,48,72,4.5,88,43,Advanced
15,17,59,3.25,90,83,67,5.2,64,64,Advanced
16,23,83,2.5,75,95,100,1.1,86,47,Advanced
17,20,99,3.28,47,58,67,2.1,40,86,Advanced
18,20,82,3.52,72,98,46,7.1,59,93,Advanced
19,19,59,2.75,50,74,89,7.5,98,40,Advanced
20,21,81,2.04,99,63,96,7.9,91,59,Advanced
21,19,53,2.48,76,100,45,1.6,71,92,Advanced
22,17,98,3.07,48,48,82,4.3,75,50,Advanced
23,20,83,3.74,67,53,99,4.8,86,84,Advanced
24,19,95,2.62,82,81,63,4.1,73,68,Advanced
25,17,65,2.45,61,41,77,4.9,77,54,Advanced
26,16,54,3.42,43,54,44,7.3,95,61,Advanced
27,17,82,2.48,82,71,53,4.8,86,99,Advanced
28,23,65,3.57,91,66,52,1.7,82,67,Advanced
29,21,77,2.82,95,86,43,5.7,81,46,Advanced
30,16,75,3.46,91,95,46,2.7,52,74,Advanced
31,23,58,2.84,57,69,55,7.1,44,68,Advanced
32,17,53,3.3,74,93,40,7.8,99,88,Advanced
33,19,60,2.81,70,53,95,3.8,43,50,Advanced
34,22,50,3.97,56,99,90,6.5,58,67,Advanced
35,23,59,2.38,53,43,77,6.2,43,87,Advanced
36,21,53,2.1,70,72,98,7.0,50,43,Advanced
37,17,61,2.14,44,83,95,2.6,47,100,Advanced
38,19,87,3.19,79,45,66,5.6,76,73,Advanced
39,21,66,2.41,85,60,55,2.9,48,82,Advanced
40,20,79,2.63,88,99,44,1.1,79,76,Advanced
41,17,54,3.08,72,56,48,7.5,96,44,Advanced
42,19,73,2.57,68,93,74,5.9,79,91,Advanced
43,16,92,3.63,59,99,82,1.7,96,48,Advanced
44,20,57,3.78,87,75,49,2.9,78,53,Advanced
45,21,63,3.37,94,56,72,4.4,97,98,Advanced
46,16,55,3.27,93,57,42,1.0,89,48,Advanced
47,20,60,3.48,75,85,67,4.9,47,44,Advanced
48,18,84,2.07,63,77,75,2.0,48,42,Advanced
49,20,73,3.8,90,95,42,7.3,53,83,Advanced
50,19,92,2.21,89,75,96,7.1,79,87,Advanced
51,18,65,3.73,91,91,51,7.2,41,51,Advanced
52,21,100,3.86,91,82,95,6.1,55,57,Advanced
53,18,100,3.4,64,95,42,7.0,54,52,Advanced
54,23,72,2.61,90,95,54,2.6,82,52,Advanced
55,22,71,2.56,44,89,57,3.5,72,65,Advanced
56,21,51,2.23,56,51,77,7.7,56,42,Advanced
57,17,88,2.87,86,90,60,4.1,72,47,Advanced
58,22,86,2.38,42,85,67,1.0,99,91,Advanced
59,19,73,2.86,100,82,98,3.3,60,82,Advanced
60,17,96,3.8,72,59,82,3.9,65,84,Advanced
61,20,85,2.25,66,82,100,3.7,87,97,Advanced
62,18,89,3.14,65,75,93,1.0,58,53,Advanced
63,22,100,3.16,81,60,69,4.1,83,53,Advanced
64,23,100,3.8,90,87,50,5.6,58,72,Advanced
65,21,55,3.64,88,55,83,3.2,91,52,Advanced
66,18,51,2.09,70,79,94,6.4,69,66,Advanced
67,19,95,3.39,71,65,55,2.0,84,40,Advanced
68,17,99,2.85,51,91,84,4.6,43,75,Advanced
69,19,57,2.91,91,69,82,4.7,75,78,Advanced
70,21,98,3.78,79,92,86,7.2,67,93,Advanced
71,23,60,3.49,70,68,56,6.3,93,80,Advanced
72,20,99,3.56,71,80,55,2.9,44,85,Advanced
73,20,65,2.54,60,97,74,1.6,49,54,Advanced
74,22,94,2.31,53,44,66,3.9,74,69,Advanced
75,22,53,2.41,66,64,97,6.4,100,84,Advanced
76,16,98,3.15,70,40,100,3.5,88,64,Advanced
77,22,84,3.5,74,91,78,7.3,71,54,Advanced
78,20,77,2.97,64,61,82,5.8,65,86,Advanced
79,18,79,3.84,79,74,41,7.3,77,76,Advanced
80,16,55,3.29,48,95,69,2.3,56,64,Advanced
81,21,63,2.91,61,88,96,3.7,88,100,Advanced
82,22,66,3.67,70,41,87,4.8,100,62,Advanced
83,19,91,2.14,81,42,88,1.2,55,52,Advanced
84,16,89,2.3,48,70,82,1.8,100,53,Advanced
85,23,94,2.51,63,50,78,5.3,87,85,Advanced
86,17,99,3.64,59,46,77,1.2,59,76,Advanced
87,22,75,3.88,52,44,77,5.8,80,55,Advanced
88,17,94,3.54,94,83,78,6.6,90,76,Advanced
89,16,72,3.07,82,63,44,4.5,61,40,Advanced
90,22,81,2.21,63,80,97,6.8,85,49,Advanced
91,22,61,3.47,81,57,79,6.7,74,89,Advanced
92,23,79,2.87,86,77,57,3.3,55,93,Advanced
93,17,67,3.76,55,88,69,5.0,82,64,Advanced
94,21,51,2.99,60,51,71,2.5,91,56,Advanced
95,21,67,3.76,84,96,57,4.9,73,100,Advanced
96,19,55,2.48,66,71,75,6.3,84,70,Advanced
97,23,78,3.59,45,58,54,3.8,55,59,Advanced
98,21,80,3.11,62,67,87,4.9,62,84,Advanced
99,23,67,2.61,54,47,86,2.3,47,87,Advanced
100,18,62,2.43,70,57,86,5.1,88,73,Advanced
101,20,56,3.67,58,54,63,2.3,40,85,Advanced
102,18,67,2.09,43,75,58,5.9,48,80,Advanced
103,23,56,3.75,76,58,70,4.4,61,51,Advanced
104,16,66,3.88,70,47,92,1.5,71,44,Advanced
105,16,59,2.3,76,100,59,1.6,55,47,Advanced
106,22,88,3.19,79,54,89,4.7,68,98,Advanced
107,23,69,3.72,67,59,76,5.3,79,87,Advanced
108,17,98,2.42,53,56,82,1.6,55,51,Advanced
109,17,60,2.01,68,84,78,4.3,42,54,Advanced
110,20,95,2.57,95,69,44,5.8,99,56,Advanced
111,19,77,2.23,54,81,49,7.4,92,49,Advanced
112,17,53,2.33,59,78,87,6.8,98,58,Advanced
113,23,57,2.94,59,84,65,7.6,72,74,Advanced
114,23,78,2.16,42,96,67,6.1,78,56,Advanced
115,16,55,2.46,83,93,95,5.0,100,41,Advanced
116,20,86,2.08,88,51,70,4.6,68,98,Advanced
117,20,61,3.99,67,80,92,4.4,45,70,Advanced
118,21,76,2.67,82,46,94,2.1,66,84,Advanced
119,23,68,3.33,65,92,88,4.9,69,45,Advanced
120,21,66,2.65,89,65,95,4.6,40,82,Advanced
121,23,76,2.11,73,63,79,6.3,80,68,Advanced
122,16,63,2.53,48,99,58,4.1,84,71,Advanced
123,17,51,3.95,78,91,55,6.0,59,75,Advanced
124,16,85,2.82,54,93,98,1.8,100,47,Advanced
125,18,81,3.87,58,72,85,2.9,93,70,Advanced
126,23,65,2.91,49,64,52,7.5,72,87,Advanced
127,18,54,2.55,90,94,66,3.4,90,72,Advanced
128,20,50,2.57,59,93,77,5.1,82,71,Advanced
129,18,78,3.08,62,61,75,6.3,64,69,Advanced
130,21,62,3.96,55,76,64,2.6,89,66,Advanced
131,16,70,3.49,85,98,91,3.7,82,90,Advanced
132,18,81,3.93,48,72,77,3.3,46,95,Advanced
133,23,56,3.05,69,40,86,2.0,95,81,Advanced
134,18,54,2.94,56,61,79,5.8,81,45,Advanced
135,21,93,3.72,64,60,80,6.0,88,71,Advanced
136,16,89,2.14,80,83,98,3.0,54,87,Advanced
137,17,77,3.96,88,80,85,7.1,68,50,Advanced
138,20,51,2.09,90,43,58,3.5,67,49,Advanced
139,19,83,2.82,83,90,51,2.2,45,79,Advanced
140,22,89,3.37,71,98,77,2.0,69,80,Advanced
141,20,79,2.51,40,97,91,4.3,58,83,Advanced
142,18,54,2.88,62,77,59,5.5,67,84,Advanced
143,20,79,3.69,52,64,94,4.4,55,64,Advanced
144,21,86,2.59,84,58,41,7.8,82,65,Advanced
145,20,50,3.13,83,89,87,7.8,98,78,Advanced
146,23,68,3.55,54,78,91,3.5,80,52,Advanced
147,20,93,3.51,89,82,83,6.9,80,46,Advanced
148,16,69,3.58,42,77,63,6.1,45,98,Advanced
149,20,70,3.49,51,52,48,6.5,96,63,Advanced
150,20,60,2.51,92,100,70,7.8,58,87,Advanced
151,21,57,2.94,44,49,88,7.8,95,83,Advanced
152,22,85,2.73,90,65,40,2.9,47,69,Advanced
153,21,93,3.5,56,77,64,6.8,100,63,Advanced
154,17,93,2.47,41,79,96,7.6,60,98,Advanced
155,19,91,2.13,92,69,98,5.9,81,66,Advanced
156,17,58,2.09,42,59,71,1.8,55,96,Advanced
157,18,74,2.91,82,100,87,5.9,74,66,Advanced
158,18,76,3.31,93,71,79,3.9,100,57,Advanced
159,16,94,2.74,68,68,100,2.7,63,46,Advanced
160,21,84,3.8,81,62,43,3.8,52,47,Advanced
161,23,55,3.33,81,80,78,7.8,43,90,Advanced
162,21,65,3.98,90,76,53,1.5,88,75,Advanced
163,19,87,2.43,95,54,61,6.4,90,97,Advanced
164,16,67,3.72,49,48,74,2.8,51,47,Advanced
165,16,58,2.03,90,90,55,5.1,41,51,Advanced
166,20,53,2.25,66,73,47,6.2,70,68,Advanced
167,21,82,3.19,68,72,54,7.6,42,86,Advanced
168,20,79,3.29,41,43,70,6.9,67,83,Advanced
169,17,81,3.42,68,44,97,1.6,78,49,Advanced
170,17,58,2.55,80,77,75,6.0,64,78,Advanced
171,20,79,3.01,67,46,90,5.9,94,81,Advanced
172,19,77,2.9,54,66,61,6.8,65,66,Advanced
173,17,70,2.85,82,56,63,7.7,83,99,Advanced
174,23,54,2.18,45,45,67,1.7,87,63,Advanced
175,18,85,2.12,75,75,61,5.7,66,62,Advanced
176,22,96,2.1,58,78,59,3.5,76,72,Advanced
177,19,59,3.31,54,94,46,3.5,75,63,Advanced
178,17,98,2.56,54,91,67,6.9,89,92,Advanced
179,16,88,3.86,93,84,57,1.2,57,84,Advanced
180,20,71,2.7,51,95,49,5.0,65,44,Advanced
181,18,97,3.27,41,45,87,4.7,64,66,Advanced
182,23,71,2.31,59,86,60,6.4,76,78,Advanced
183,17,53,2.31,88,79,43,5.7,57,68,Advanced
184,22,81,3.21,66,57,53,6.3,47,62,Advanced
185,22,57,2.57,83,77,71,4.7,59,42,Advanced
186,19,75,3.97,43,40,53,3.1,53,89,Advanced
187,18,98,2.51,60,47,40,4.5,67,51,Advanced
188,18,74,3.07,54,72,75,6.8,91,62,Advanced
189,17,75,3.72,42,67,41,4.2,44,95,Advanced
190,21,86,2.86,65,85,80,3.9,47,65,Advanced
191,16,70,2.34,100,79,69,6.8,98,63,Advanced
192,17,77,3.69,55,67,77,3.8,45,65,Advanced
193,20,97,2.68,61,89,50,1.5,80,47,Advanced
194,19,99,2.7,86,92,81,6.7,55,46,Advanced
195,18,66,2.39,78,49,88,6.3,44,51,Advanced
196,23,79,3.51,88,77,68,5.8,96,76,Advanced
197,21,90,2.63,68,44,70,4.1,59,90,Advanced
198,20,87,2.11,72,44,59,4.2,42,43,Advanced
199,21,68,2.15,95,94,45,5.3,72,64,Advanced
200,23,87,3.11,90,87,97,1.3,98,91,Advanced
201,19,70,3.21,72,49,43,4.2,91,97,Advanced
202,21,95,2.17,81,51,42,2.7,68,68,Advanced
203,18,73,2.75,58,64,66,6.4,83,78,Advanced
204,16,100,3.26,61,44,61,1.7,83,64,Advanced
205,20,66,3.45,82,98,78,7.1,61,45,Advanced
206,18,72,2.62,81,84,82,3.7,78,85,Advanced
207,17,69,3.12,81,90,61,6.7,82,84,Advanced
208,17,91,3.34,72,63,41,3.5,51,100,Advanced
209,19,71,3.9,71,52,54,8.0,49,44,Advanced
210,20,100,2.2,89,74,93,6.2,73,42,Advanced
211,21,99,3.24,78,64,49,2.1,93,84,Advanced
212,18,96,2.88,66,63,83,6.0,68,79,Advanced
213,20,98,3.5,68,54,74,2.7,91,90,Advanced
214,23,62,2.74,100,76,68,4.2,58,89,Advanced
215,22,82,3.05,50,92,52,6.6,48,95,Advanced
216,20,53,3.28,95,63,75,7.5,85,94,Advanced
217,17,68,2.17,50,57,68,7.3,49,93,Advanced
218,22,55,3.89,54,92,68,7.2,99,41,Advanced
219,22,53,2.79,63,55,64,8.0,63,54,Advanced
220,16,70,3.86,93,85,81,3.3,49,48,Advanced
221,16,68,3.83,70,84,93,2.0,85,70,Advanced
222,23,89,2.01,45,41,56,2.5,49,75,Advanced
223,22,57,3.55,55,59,47,1.3,66,80,Advanced
224,23,54,2.22,97,71,78,4.8,80,72,Advanced
225,19,95,2.29,67,40,79,3.5,76,66,Advanced
226,18,92,3.34,73,63,44,7.7,74,72,Advanced
227,16,74,3.75,42,80,64,7.9,56,87,Advanced
228,16,72,3.58,62,55,86,5.6,46,89,Advanced
229,21,58,2.09,74,61,92,5.5,93,89,Advanced
230,23,94,2.96,51,91,48,1.4,89,100,Advanced
231,23,52,2.59,42,90,52,7.2,60,99,Advanced
232,20,82,2.8,92,74,70,2.8,88,81,Advanced
233,19,68,2.71,89,43,95,5.6,57,47,Advanced
234,21,77,3.78,87,68,97,7.7,61,51,Advanced
235,23,94,3.0,99,91,73,2.9,45,86,Advanced
236,22,55,2.86,92,51,74,3.1,46,45,Advanced
237,21,92,2.59,68,78,85,4.0,84,68,Advanced
238,21,78,2.08,95,98,62,5.3,67,57,Advanced
239,16,54,3.34,65,63,72,6.6,83,50,Advanced
240,16,59,3.7,83,90,68,1.2,44,55,Advanced
241,21,73,2.77,76,42,78,2.1,68,100,Advanced
242,21,73,2.89,44,76,48,4.7,65,60,Advanced
243,20,65,3.92,41,87,51,4.5,64,98,Advanced
244,17,66,3.55,85,68,53,8.0,58,84,Advanced
245,23,62,2.25,94,44,68,2.2,85,68,Advanced
246,17,93,3.94,60,82,62,6.0,75,74,Advanced
247,20,69,3.7,85,85,99,5.9,51,90,Advanced
248,21,82,2.45,52,90,48,2.7,71,41,Advanced
249,21,85,3.14,69,91,75,1.9,96,45,Advanced
250,17,69,2.8,85,86,70,4.7,89,66,Advanced
251,17,58,3.94,81,44,68,4.3,73,62,Advanced
252,18,99,3.1,77,51,89,7.8,67,72,Advanced
253,16,57,3.04,59,50,50,3.3,85,54,Advanced
254,21,83,3.79,94,45,56,2.4,75,57,Advanced
255,18,90,2.61,74,45,72,5.5,77,100,Advanced
256,18,60,3.32,86,97,78,3.4,99,76,Advanced
257,16,51,2.16,100,81,89,5.0,81,53,Advanced
258,22,89,3.28,71,96,80,4.8,81,59,Advanced
259,23,65,3.61,83,65,59,4.2,84,43,Advanced
260,18,78,2.83,69,53,61,5.2,60,95,Advanced
261,21,96,3.98,62,65,48,6.3,72,75,Advanced
262,17,70,2.48,47,57,68,2.7,46,43,Advanced
263,20,74,3.73,66,55,95,7.3,92,60,Advanced
264,21,62,3.53,71,72,69,4.5,59,71,Advanced
265,16,55,3.89,72,69,55,2.5,62,43,Advanced
266,16,68,2.99,96,93,81,5.7,58,74,Advanced
267,16,56,2.86,96,56,86,3.6,65,63,Advanced
268,16,75,2.1,75,52,63,4.9,44,64,Advanced
269,23,98,3.1,92,79,83,5.3,48,46,Advanced
270,22,73,3.59,61,75,100,3.6,49,52,Advanced
271,22,82,2.08,42,48,85,3.3,70,73,Advanced
272,23,59,3.21,72,48,60,7.5,60,50,Advanced
273,22,89,3.48,59,77,61,4.6,72,74,Advanced
274,23,95,3.13,70,92,41,3.6,83,47,Advanced
275,22,87,2.62,97,86,95,5.8,41,78,Advanced
276,23,66,3.93,90,89,77,5.0,86,43,Advanced
277,23,60,3.05,86,79,89,6.9,49,92,Advanced
278,19,52,3.15,84,47,52,1.1,60,66,Advanced
279,18,76,3.38,66,72,89,5.3,70,95,Advanced
280,16,95,2.28,53,75,60,8.0,70,73,Advanced
281,22,70,3.91,69,98,74,3.4,62,83,Advanced
282,20,89,2.97,55,57,75,3.1,100,59,Advanced
283,20,95,2.41,85,71,60,4.4,75,99,Advanced
284,20,68,2.24,83,74,64,7.3,65,92,Advanced
285,21,99,3.61,58,42,58,7.7,45,62,Advanced
286,23,91,2.51,70,53,52,6.8,57,99,Advanced
287,20,58,2.22,87,77,55,2.7,82,97,Advanced
288,19,90,2.47,46,66,61,6.0,46,83,Advanced
289,18,50,3.93,99,50,66,5.6,96,96,Advanced
290,23,80,3.3,88,58,60,3.0,43,98,Advanced
291,17,91,3.15,74,87,86,7.0,42,98,Advanced
292,18,76,3.76,51,99,98,1.3,93,65,Advanced
293,23,61,3.87,95,99,58,7.1,40,59,Advanced
294,17,71,2.57,81,74,73,4.5,100,48,Advanced
295,23,67,2.39,47,61,50,6.1,81,56,Advanced
296,18,50,3.47,90,58,76,5.7,52,51,Advanced
297,22,77,3.03,45,65,82,1.7,48,70,Advanced
298,21,65,2.01,64,55,68,6.3,61,59,Advanced
299,16,66,3.31,84,55,43,5.7,69,59,Advanced
300,18,75,3.37,99,97,96,5.9,59,84,Advanced
301,17,90,3.83,58,63,79,2.5,48,70,Advanced
302,18,79,3.5,78,63,66,5.9,98,70,Advanced
303,19,98,2.49,88,78,95,6.5,73,68,Advanced
304,21,54,3.83,47,43,93,4.8,72,52,Advanced
305,18,60,2.66,73,68,47,5.8,85,77,Advanced
306,23,55,3.8,68,91,43,4.2,72,66,Advanced
307,23,86,2.12,69,83,91,3.2,41,65,Advanced
308,20,50,3.49,77,44,42,4.0,84,44,Advanced
309,16,54,3.97,70,42,58,3.9,89,48,Advanced
310,22,73,3.99,64,68,95,7.4,64,64,Advanced
311,17,93,3.93,95,74,48,5.6,62,47,Advanced
312,18,84,2.79,48,86,54,6.8,88,41,Advanced
313,20,79,3.35,74,67,74,3.7,54,55,Advanced
314,23,72,2.31,52,99,96,6.1,47,42,Advanced
315,22,89,3.53,96,96,41,2.7,44,46,Advanced
316,16,78,3.2,85,95,43,2.7,42,65,Advanced
317,23,64,3.08,88,95,89,1.4,72,58,Advanced
318,19,96,3.15,76,78,89,5.7,60,55,Advanced
319,20,59,3.97,73,54,66,3.1,43,75,Advanced
320,18,90,3.36,75,71,43,7.8,100,81,Advanced
321,22,100,3.05,84,66,66,2.0,64,51,Advanced
322,23,65,3.7,59,94,85,2.0,69,98,Advanced
323,16,85,2.83,66,75,73,1.9,55,56,Advanced
324,19,71,3.29,99,68,94,3.6,74,86,Advanced
325,19,53,2.54,83,78,78,1.3,44,52,Advanced
326,19,80,2.42,98,61,59,7.7,40,53,Advanced
327,19,97,2.23,88,70,98,2.7,78,85,Advanced
328,19,75,3.83,75,60,89,3.0,69,74,Advanced
329,21,69,2.52,72,96,71,4.3,91,86,Advanced
330,23,98,3.68,98,53,63,3.2,42,76,Advanced
331,19,97,2.29,56,75,99,5.1,86,66,Advanced
332,20,59,2.39,54,64,76,6.8,71,75,Advanced
333,21,66,3.53,71,86,81,6.2,69,50,Advanced
334,21,60,2.28,74,71,51,7.4,74,81,Advanced
335,16,83,2.07,94,44,100,6.7,43,88,Advanced
336,16,76,2.27,80,54,44,6.0,40,53,Advanced
337,23,73,2.12,80,82,99,5.3,70,82,Advanced
338,23,51,2.01,75,66,40,1.1,86,57,Advanced
339,20,51,3.0,84,83,67,6.6,98,51,Advanced
340,17,56,3.05,55,52,79,4.7,92,62,Advanced
341,20,100,2.79,63,65,69,5.0,84,54,Advanced
342,20,93,3.66,45,81,94,5.5,42,45,Advanced
343,22,74,2.75,70,43,80,1.1,50,45,Advanced
344,23,77,3.29,61,76,94,7.8,97,73,Advanced
345,16,64,2.42,95,84,96,5.0,57,42,Advanced
346,17,93,3.85,97,74,76,5.6,51,99,Advanced
347,21,51,3.92,77,49,88,6.7,92,65,Advanced
348,17,69,2.32,55,76,93,6.9,83,97,Advanced
349,21,74,3.51,48,90,84,6.1,72,87,Advanced
350,21,53,2.2,54,93,44,3.4,89,79,Advanced
351,22,99,2.65,80,57,90,7.9,71,54,Advanced
352,21,85,3.88,67,51,83,5.1,64,45,Advanced
353,20,65,3.43,45,57,49,3.7,90,80,Advanced
354,18,97,2.78,63,46,45,1.0,59,68,Advanced
355,21,98,2.54,48,45,51,4.0,75,75,Advanced
356,22,56,2.05,62,75,45,5.2,90,60,Advanced
357,22,50,2.58,64,89,45,6.1,75,97,Advanced
358,19,86,3.04,83,64,50,2.0,59,57,Advanced
359,23,59,2.13,67,57,66,3.1,90,44,Advanced
360,21,66,3.89,86,80,71,5.2,52,69,Advanced
361,17,58,2.61,100,65,61,6.9,64,91,Advanced
362,21,78,2.67,92,92,95,5.6,78,48,Advanced
363,20,70,3.21,84,52,70,3.2,65,60,Advanced
364,20,97,3.39,71,76,90,2.7,64,57,Advanced
365,22,73,2.23,76,52,77,8.0,51,83,Advanced
366,16,96,2.92,85,53,68,6.6,93,84,Advanced
367,17,100,3.59,83,71,48,5.4,55,56,Advanced
368,18,95,2.85,64,44,68,7.9,70,77,Advanced
369,22,84,3.01,98,95,84,3.9,42,90,Advanced
370,21,94,3.79,74,78,80,7.4,46,89,Advanced
371,19,92,3.33,50,81,79,1.3,81,83,Advanced
372,22,98,2.66,90,67,46,1.1,56,54,Advanced
373,19,78,2.75,69,89,83,5.1,72,49,Advanced
374,21,51,2.97,58,66,98,7.7,47,93,Advanced
375,18,72,2.62,69,90,53,4.6,62,70,Advanced
376,17,78,3.44,68,60,44,3.1,91,85,Advanced
377,17,51,3.7,81,46,83,6.6,99,87,Advanced
378,19,83,2.35,50,61,75,4.0,69,54,Advanced
379,22,90,2.37,80,82,67,3.8,87,79,Advanced
380,19,78,3.18,64,40,85,2.5,57,88,Advanced
381,17,86,2.2,95,74,51,3.6,52,69,Advanced
382,17,66,3.34,71,73,80,3.2,64,79,Advanced
383,22,87,2.23,62,94,69,5.3,92,83,Advanced
384,20,89,3.18,83,48,60,1.8,59,47,Advanced
385,18,73,3.39,72,64,66,5.2,76,64,Advanced
386,22,61,2.97,74,84,98,5.5,51,75,Advanced
387,18,81,2.58,51,60,93,4.2,43,95,Advanced
388,21,50,2.97,52,92,64,7.7,72,81,Advanced
389,23,76,3.37,66,85,93,4.1,50,45,Advanced
390,16,100,3.52,58,42,57,2.6,58,50,Advanced
391,23,86,3.49,89,71,75,4.6,76,47,Advanced
392,20,99,3.09,63,74,92,6.3,88,86,Advanced
393,23,84,2.44,67,46,87,6.8,88,55,Advanced
394,20,52,2.9,62,95,92,1.6,95,47,Advanced
395,19,63,3.62,77,84,62,7.0,79,80,Advanced
396,22,60,3.23,90,53,92,2.4,43,76,Advanced
397,21,84,2.56,74,50,60,7.9,58,58,Advanced
398,20,82,3.97,83,92,46,1.9,88,90,Advanced
399,22,53,3.98,95,81,48,5.9,48,55,Advanced
400,18,95,2.64,55,88,93,5.7,71,49,Advanced
401,20,90,2.83,68,44,80,6.6,89,45,Advanced
402,22,82,3.5,84,99,96,3.6,100,71,Advanced
403,21,87,2.0,89,94,86,1.7,69,80,Advanced
404,21,54,3.59,65,53,67,6.8,71,57,Advanced
405,21,68,2.68,76,48,76,7.0,90,61,Advanced
406,16,52,2.2,90,93,69,1.1,99,94,Advanced
407,18,78,2.91,67,52,84,7.4,96,81,Advanced
408,20,60,3.75,96,57,45,5.6,56,45,Advanced
409,21,92,3.81,50,43,65,5.4,86,84,Advanced
410,19,77,3.31,85,46,40,2.5,44,48,Advanced
411,19,83,3.36,40,40,84,3.4,47,95,Advanced
412,22,94,2.26,44,54,64,1.6,91,46,Advanced
413,17,70,2.74,59,48,64,6.4,88,95,Advanced
414,18,91,3.99,49,44,73,4.9,79,81,Advanced
415,18,78,2.7,53,80,87,2.1,66,79,Advanced
416,23,63,2.17,46,48,88,1.9,86,64,Advanced
417,21,77,2.63,48,55,57,5.5,55,75,Advanced
418,20,99,3.88,41,94,94,5.6,59,53,Advanced
419,19,97,2.78,81,43,90,7.3,55,71,Advanced
420,22,57,2.48,80,78,44,4.7,40,63,Advanced
421,21,58,2.77,93,76,66,3.6,83,51,Advanced
422,23,99,2.15,77,44,40,2.8,42,99,Advanced
423,16,100,2.8,58,80,85,4.5,66,67,Advanced
424,22,55,3.28,74,79,49,2.9,59,45,Advanced
425,19,59,3.07,65,77,80,6.3,81,83,Advanced
426,17,69,3.4,86,94,55,1.4,45,99,Advanced
427,22,57,2.91,78,43,59,5.7,82,87,Advanced
428,18,57,2.03,48,84,40,2.1,100,62,Advanced
429,20,60,2.74,87,89,95,2.9,96,47,Advanced
430,16,71,3.61,57,73,44,2.8,76,80,Advanced
431,17,81,2.91,63,43,71,7.0,50,63,Advanced
432,18,66,3.55,97,76,83,6.1,54,87,Advanced
433,16,52,3.72,40,55,42,4.3,64,98,Advanced
434,18,61,3.86,94,42,75,6.6,85,87,Advanced
435,22,64,2.64,66,98,86,3.2,92,44,Advanced
436,21,57,3.0,97,43,51,2.6,73,42,Advanced
437,22,54,3.75,95,58,89,6.9,60,45,Advanced
438,23,50,2.74,58,76,90,3.1,79,55,Advanced
439,23,73,3.18,71,89,89,2.4,97,74,Advanced
440,19,59,2.01,66,41,54,4.8,80,93,Advanced
441,16,71,2.0,82,64,94,6.2,59,46,Advanced
442,19,83,3.97,66,71,43,7.8,49,85,Advanced
443,20,55,2.09,54,97,94,4.6,84,97,Advanced
444,21,79,3.95,45,77,46,4.5,80,92,Advanced
445,22,54,3.18,43,67,82,7.7,55,58,Advanced
446,20,70,3.85,65,84,93,6.1,60,68,Advanced
447,20,64,2.15,52,48,89,6.4,46,49,Advanced
448,17,60,2.9,60,66,47,4.8,89,53,Advanced
449,23,69,2.93,94,47,45,2.1,83,59,Advanced
450,16,63,3.67,60,49,45,6.0,62,65,Advanced
451,16,93,2.6,92,51,41,7.7,94,68,Advanced
452,19,56,2.92,91,90,48,1.9,43,93,Advanced
453,19,58,2.4,65,63,83,5.4,81,45,Advanced
454,20,54,2.04,44,52,97,5.5,91,48,Advanced
455,17,71,2.25,100,69,43,2.2,76,67,Advanced
456,22,81,2.06,83,67,51,3.5,98,51,Advanced
457,20,67,2.89,49,42,79,5.3,55,81,Advanced
458,20,81,2.82,75,70,43,1.6,64,48,Advanced
459,22,62,3.29,91,73,55,5.4,91,74,Advanced
460,16,74,3.56,62,70,74,6.5,62,98,Advanced
461,21,74,2.54,41,60,78,2.5,97,91,Advanced
462,20,53,3.62,70,73,62,6.4,54,50,Advanced
463,17,65,3.31,57,74,92,6.5,87,43,Advanced
464,19,86,3.69,91,64,62,7.5,94,51,Advanced
465,18,65,3.19,91,87,84,3.5,77,41,Advanced
466,21,86,3.13,76,100,52,6.9,91,96,Advanced
467,23,84,2.62,71,42,45,1.4,78,54,Advanced
468,16,83,2.96,61,98,79,2.4,48,61,Advanced
469,18,70,2.12,49,77,85,7.4,89,47,Advanced
470,21,54,2.75,100,82,65,5.1,61,59,Advanced
471,21,58,3.95,86,100,67,6.5,71,81,Advanced
472,21,61,3.41,75,84,96,7.5,90,62,Advanced
473,19,92,3.18,51,64,59,6.1,58,48,Advanced
474,18,96,2.0,84,100,76,3.7,89,76,Advanced
475,16,61,3.2,98,91,79,2.5,76,46,Advanced
476,23,59,2.66,44,55,62,7.9,50,80,Advanced
477,17,95,3.34,86,96,61,4.1,56,53,Advanced
478,19,94,2.14,56,90,46,6.0,43,64,Advanced
479,23,96,2.84,50,96,66,4.5,64,62,Advanced
480,22,56,3.66,90,95,76,5.6,83,54,Advanced
481,18,78,2.15,94,42,58,1.1,56,100,Advanced
482,17,54,2.68,96,64,50,6.1,75,100,Advanced
483,17,71,3.19,79,97,70,5.9,67,100,Advanced
484,18,88,3.78,50,43,46,3.3,52,66,Advanced
485,20,92,2.56,55,46,43,3.8,75,93,Advanced
486,23,59,2.11,40,67,45,3.1,82,80,Advanced
487,23,62,2.19,53,50,80,3.0,45,70,Advanced
488,17,69,3.57,70,71,97,5.6,45,81,Advanced
489,22,61,2.74,64,63,51,4.1,56,68,Advanced
490,23,66,2.45,57,76,43,2.1,84,82,Advanced
491,17,55,3.34,91,74,66,7.8,77,54,Advanced
492,16,74,3.64,66,74,83,7.1,70,76,Advanced
493,19,80,2.6,65,97,94,6.0,72,76,Advanced
494,18,57,3.9,68,51,100,7.9,53,91,Advanced
495,19,58,2.09,45,83,67,2.4,92,80,Advanced
496,18,88,2.52,98,86,98,6.7,45,64,Advanced
497,22,85,2.65,57,73,69,7.4,40,90,Advanced
498,22,57,2.83,49,76,77,5.1,100,46,Advanced
499,17,86,3.56,90,58,95,4.7,62,96,Advanced
500,22,66,2.77,71,76,78,4.3,51,57,Advanced
501,22,59,3.24,83,84,65,1.3,96,96,Advanced
502,21,94,2.48,87,70,98,2.9,63,41,Advanced
503,21,100,2.61,57,93,71,7.0,83,46,Advanced
504,19,58,2.6,87,68,89,6.8,57,86,Advanced
505,22,88,3.29,52,68,53,7.4,66,87,Advanced
506,23,98,3.03,63,92,43,4.6,50,44,Advanced
507,20,95,3.01,48,89,94,4.7,76,41,Advanced
508,18,62,3.75,52,93,43,2.7,69,43,Advanced
509,21,95,2.4,63,92,69,4.5,80,99,Advanced
510,17,93,2.06,63,71,78,4.1,95,70,Advanced
511,21,72,2.33,97,56,87,6.8,45,58,Advanced
512,16,74,2.1,94,76,89,7.8,94,54,Advanced
513,19,93,2.41,81,66,72,1.1,89,89,Advanced
514,16,80,3.82,81,51,78,6.6,54,56,Advanced
515,20,95,3.93,81,57,67,7.3,94,62,Advanced
516,23,66,2.44,59,83,73,6.8,65,77,Advanced
517,17,50,3.02,82,93,93,3.6,81,78,Advanced
518,20,69,3.37,70,44,61,7.9,80,60,Advanced
519,20,66,3.31,100,97,81,3.1,49,73,Advanced
520,19,53,3.61,91,91,78,3.8,60,83,Advanced
521,18,96,2.05,71,58,56,7.3,65,64,Advanced
522,16,87,3.42,76,92,52,3.4,85,54,Advanced
523,23,92,2.72,59,94,50,6.9,96,75,Advanced
524,18,68,2.2,48,87,56,6.1,75,88,Advanced
525,18,93,3.8,81,45,54,3.5,87,95,Advanced
526,20,76,3.58,61,63,56,5.1,69,94,Advanced
527,17,80,2.11,80,77,77,7.6,44,70,Advanced
528,19,82,2.24,83,64,73,3.1,43,95,Advanced
529,18,58,3.98,61,66,76,7.2,69,49,Advanced
530,21,95,2.36,45,71,61,5.4,51,60,Advanced
531,16,50,2.9,53,88,89,2.2,88,50,Advanced
532,23,100,3.53,45,48,79,4.0,67,65,Advanced
533,22,80,2.77,42,74,52,6.1,100,40,Advanced
534,21,98,3.67,52,41,83,1.0,86,55,Advanced
535,19,94,3.75,59,48,46,3.7,77,59,Advanced
536,18,54,3.65,59,100,58,4.2,73,78,Advanced
537,21,77,3.78,48,61,97,4.4,88,52,Advanced
538,18,75,2.04,54,86,48,2.5,41,77,Advanced
539,18,57,2.73,81,90,42,3.6,80,56,Advanced
540,16,88,3.99,82,46,81,6.9,43,84,Advanced
541,17,76,2.89,47,75,56,4.3,49,53,Advanced
542,16,69,2.84,46,82,73,2.9,78,84,Advanced
543,18,76,3.66,46,72,86,5.3,58,47,Advanced
544,17,81,2.4,52,89,56,6.8,52,62,Advanced
545,22,68,2.32,75,71,98,2.5,99,70,Advanced
546,21,65,2.01,82,45,98,1.8,76,82,Advanced
547,23,59,3.9,89,72,44,6.1,46,97,Advanced
548,20,91,2.46,58,56,69,1.4,92,51,Advanced
549,16,68,2.72,83,60,67,6.2,46,94,Advanced
550,16,50,3.7,82,81,50,3.3,97,68,Advanced
551,20,96,2.19,92,61,51,1.8,65,69,Advanced
552,20,74,3.38,70,91,66,5.5,91,50,Advanced
553,17,58,3.39,43,100,94,2.1,66,98,Advanced
554,23,86,3.36,51,79,64,6.5,79,41,Advanced
555,18,80,3.84,47,96,66,4.1,44,56,Advanced
556,21,50,3.41,83,73,89,6.2,86,76,Advanced
557,19,92,3.75,73,73,84,5.9,46,67,Advanced
558,19,80,2.69,83,81,64,2.0,92,75,Advanced
559,16,50,3.29,50,72,94,4.3,71,95,Advanced
560,18,54,3.5,60,55,61,7.8,43,72,Advanced
561,19,85,3.29,65,92,55,1.6,68,91,Advanced
562,23,55,3.71,68,60,47,7.9,87,81,Advanced
563,16,56,2.81,42,75,75,1.0,45,90,Advanced
564,20,82,3.12,81,82,69,7.7,63,92,Advanced
565,16,64,3.69,61,75,89,5.3,70,85,Advanced
566,21,95,2.91,46,88,82,2.6,61,62,Advanced
567,20,85,3.04,84,46,42,7.3,71,48,Advanced
568,22,56,2.51,52,52,47,7.5,65,53,Advanced
569,23,100,2.38,61,46,88,3.9,99,80,Advanced
570,17,99,3.78,69,82,77,7.7,48,71,Advanced
571,16,83,3.47,75,99,67,6.9,70,99,Advanced
572,18,94,3.16,86,92,48,1.7,82,78,Advanced
573,21,82,3.76,66,78,98,5.8,55,57,Advanced
574,22,71,3.94,68,91,48,2.0,78,84,Advanced
575,20,94,3.1,60,85,87,7.5,80,53,Advanced
576,19,63,3.25,58,83,62,7.4,48,85,Advanced
577,18,82,3.08,80,60,85,1.8,62,75,Advanced
578,23,87,3.14,82,85,66,5.7,97,93,Advanced
579,20,77,3.62,73,46,41,3.7,43,82,Advanced
580,16,62,2.53,90,50,58,5.8,49,93,Advanced
581,16,94,3.57,53,88,74,1.2,92,68,Advanced
582,17,89,3.74,87,75,95,2.6,81,75,Advanced
583,22,65,3.02,90,91,84,3.0,82,43,Advanced
584,22,74,2.83,90,83,60,7.8,43,40,Advanced
585,20,62,3.24,89,95,95,4.1,54,98,Advanced
586,21,98,3.18,87,78,52,6.4,52,58,Advanced
587,23,61,3.97,44,51,51,6.1,47,64,Advanced
588,16,77,2.56,56,48,50,5.1,56,40,Advanced
589,21,79,3.42,49,42,49,7.5,78,43,Advanced
590,20,81,3.58,75,62,44,6.5,60,73,Advanced
591,19,61,3.04,90,72,50,3.9,74,65,Advanced
592,17,72,2.44,53,82,61,3.3,58,53,Advanced
593,23,85,3.65,81,40,47,5.7,68,55,Advanced
594,19,52,3.37,60,64,98,6.6,47,64,Advanced
595,20,84,3.45,41,98,73,6.8,63,72,Advanced
596,23,81,2.09,97,81,52,3.2,45,100,Advanced
597,17,60,3.94,89,74,74,1.1,44,53,Advanced
598,19,93,2.85,46,53,74,6.8,96,87,Advanced
599,22,91,3.63,44,87,83,2.1,69,85,Advanced
600,21,52,2.18,43,51,90,2.8,44,76,Advanced
601,19,66,2.82,68,80,65,4.0,41,64,Advanced
602,17,84,2.01,86,79,44,6.3,77,42,Advanced
603,17,72,3.86,46,58,90,5.8,78,45,Advanced
604,20,98,3.85,64,65,92,5.6,70,50,Advanced
605,19,58,3.49,90,91,94,4.8,80,49,Advanced
606,20,93,3.77,90,95,86,5.5,100,40,Advanced
607,18,57,2.08,76,78,65,4.8,100,45,Advanced
608,20,63,3.5,97,86,62,2.5,97,81,Advanced
609,18,60,2.37,79,93,56,2.4,51,82,Advanced
610,16,98,3.86,75,69,81,4.8,58,82,Advanced
611,17,66,2.2,86,77,71,7.7,62,48,Advanced
612,19,56,2.57,44,97,52,3.2,68,61,Advanced
613,20,94,3.17,76,76,63,6.7,67,50,Advanced
614,16,70,2.49,54,85,87,5.5,57,93,Advanced
615,21,58,3.36,61,96,70,4.2,62,89,Advanced
616,20,81,3.1,51,81,78,1.6,57,94,Advanced
617,18,84,2.39,86,96,80,1.5,44,97,Advanced
618,16,82,3.26,92,77,77,3.8,77,53,Advanced
619,16,85,2.52,97,74,70,5.6,49,63,Advanced
620,22,64,3.78,77,86,94,3.0,69,72,Advanced
621,17,75,2.73,40,82,55,6.9,91,79,Advanced
622,18,98,3.03,68,50,51,5.0,76,82,Advanced
623,18,97,3.46,100,62,42,2.5,71,54,Advanced
624,17,66,2.74,42,82,53,4.6,90,63,Advanced
625,22,80,3.84,96,42,42,7.9,60,46,Advanced
626,20,97,2.53,74,76,51,3.6,64,63,Advanced
627,17,83,2.5,98,54,73,3.8,92,95,Advanced
628,21,81,3.59,96,78,40,4.5,48,68,Advanced
629,18,64,2.15,81,57,53,2.1,50,63,Advanced
630,17,92,2.46,91,61,86,1.8,83,70,Advanced
631,23,63,3.18,81,93,66,1.2,42,48,Advanced
632,18,58,3.26,42,97,76,2.0,50,56,Advanced
633,18,83,3.92,78,76,80,1.1,86,86,Advanced
634,20,55,2.43,78,70,95,4.4,54,93,Advanced
635,22,88,2.29,77,92,89,2.3,82,72,Advanced
636,20,60,3.45,61,99,69,5.2,44,54,Advanced
637,22,74,2.26,41,52,73,7.0,72,83,Advanced
638,22,59,3.21,51,70,97,5.3,42,96,Advanced
639,17,55,2.96,48,97,78,4.8,40,97,Advanced
640,22,83,2.84,95,42,84,4.7,54,100,Advanced
641,23,100,3.54,62,77,91,6.2,88,93,Advanced
642,17,77,2.27,70,89,54,7.4,45,58,Advanced
643,22,66,2.38,85,87,90,1.0,73,47,Advanced
644,16,74,3.31,84,91,60,3.9,46,49,Advanced
645,22,91,3.17,56,94,74,4.0,63,79,Advanced
646,20,93,2.79,53,66,75,6.5,70,51,Advanced
647,21,85,3.11,56,59,76,3.4,85,65,Advanced
648,18,92,2.24,54,68,90,5.9,50,46,Advanced
649,19,82,2.8,61,91,75,5.3,83,85,Advanced
650,16,60,2.78,80,40,91,1.6,49,70,Advanced
651,22,55,2.13,54,63,45,5.3,86,64,Advanced
652,22,89,3.31,58,85,78,1.4,89,92,Advanced
653,18,90,2.99,40,52,94,5.6,91,73,Advanced
654,20,62,2.07,78,72,73,5.9,79,50,Advanced
655,16,73,2.48,40,50,45,8.0,89,65,Advanced
656,21,92,2.79,77,52,73,1.1,85,44,Advanced
657,17,85,2.57,93,75,98,5.1,62,92,Advanced
658,20,64,3.21,52,69,99,3.8,40,56,Advanced
659,18,76,3.01,75,44,72,3.1,100,47,Advanced
660,20,84,3.63,76,56,84,4.1,64,76,Advanced
661,23,99,2.49,61,89,69,5.8,97,77,Advanced
662,16,80,2.23,44,64,80,6.5,54,83,Advanced
663,19,70,2.82,62,73,74,1.1,93,56,Advanced
664,19,68,2.19,83,87,92,3.4,75,99,Advanced
665,18,80,2.63,53,97,76,2.9,100,87,Advanced
666,19,81,3.47,55,87,55,7.1,53,54,Advanced
667,19,65,3.67,62,49,89,1.7,98,45,Advanced
668,23,89,2.01,94,74,42,6.9,63,79,Advanced
669,21,81,3.8,96,97,76,7.1,71,51,Advanced
670,20,75,2.44,76,48,43,4.7,67,70,Advanced
671,16,82,2.69,95,83,89,2.2,47,84,Advanced
672,23,70,3.38,40,83,53,3.7,46,60,Advanced
673,21,89,3.72,51,75,56,2.7,70,79,Advanced
674,21,73,2.37,67,53,66,5.9,63,63,Advanced
675,22,67,2.9,76,48,76,5.8,92,46,Advanced
676,20,65,3.11,94,64,52,2.0,87,49,Advanced
677,23,50,2.35,71,48,97,6.9,73,74,Advanced
678,21,100,2.97,56,75,94,5.0,65,46,Advanced
679,18,53,2.43,56,70,93,5.4,68,87,Advanced
680,21,66,2.72,75,75,99,6.7,62,41,Advanced
681,22,57,2.7,83,78,52,5.0,81,81,Advanced
682,18,99,2.57,60,83,72,4.4,87,68,Advanced
683,17,74,3.23,69,80,49,7.1,80,91,Advanced
684,21,76,3.26,76,65,94,7.3,45,50,Advanced
685,21,64,2.63,81,58,85,2.9,81,65,Advanced
686,20,78,3.56,100,63,87,5.1,68,66,Advanced
687,18,61,3.71,48,86,55,5.6,100,87,Advanced
688,17,63,2.33,46,46,44,7.6,70,75,Advanced
689,16,51,3.54,73,88,45,1.7,79,49,Advanced
690,17,91,3.86,64,59,54,2.7,58,68,Advanced
691,18,58,3.05,50,41,42,5.6,95,98,Advanced
692,21,80,2.93,95,74,99,2.9,68,48,Advanced
693,18,87,3.2,80,87,80,7.1,67,73,Advanced
694,20,72,2.96,54,91,45,4.1,63,66,Advanced
695,20,59,2.61,40,73,92,6.3,48,62,Advanced
696,20,80,3.07,84,99,71,7.6,70,59,Advanced
697,16,99,2.86,58,78,54,6.6,75,63,Advanced
698,19,76,3.76,67,65,55,2.1,87,81,Advanced
699,22,74,2.44,45,67,80,2.7,88,91,Advanced
700,20,68,3.3,74,91,57,3.9,94,44,Advanced
701,18,58,2.58,80,69,79,4.2,84,79,Advanced
702,23,62,2.64,49,43,74,1.2,46,58,Advanced
703,20,58,3.43,86,40,54,1.6,40,71,Advanced
704,19,71,2.84,90,91,71,8.0,69,84,Advanced
705,16,71,2.16,88,100,49,1.4,89,65,Advanced
706,17,84,2.94,52,97,93,2.8,64,93,Advanced
707,16,57,3.95,85,55,64,6.4,68,55,Advanced
708,16,62,2.92,89,46,73,5.7,53,70,Advanced
709,22,93,3.92,99,60,50,5.4,42,87,Advanced
710,17,66,2.96,59,52,63,7.2,95,82,Advanced
711,19,57,2.47,67,60,40,2.2,57,77,Advanced
712,17,75,3.58,40,42,77,6.5,70,84,Advanced
713,18,73,3.54,55,50,71,1.6,79,61,Advanced
714,16,53,2.71,49,84,74,6.5,48,71,Advanced
715,19,70,3.96,90,81,88,3.4,97,68,Advanced
716,19,51,3.38,62,86,48,2.8,42,71,Advanced
717,23,85,2.59,84,71,52,5.0,74,62,Advanced
718,21,96,2.94,95,93,78,7.4,75,50,Advanced
719,17,83,2.31,58,92,56,4.8,69,40,Advanced
720,22,96,2.37,41,79,94,3.5,79,55,Advanced
721,21,96,2.13,74,92,64,2.3,83,71,Advanced
722,18,89,2.57,66,81,60,1.8,73,82,Advanced
723,17,52,3.67,48,51,95,1.2,46,71,Advanced
724,19,56,2.06,81,93,64,5.6,73,79,Advanced
725,20,53,2.73,78,85,44,1.1,98,53,Advanced
726,23,55,2.94,80,43,63,4.9,100,96,Advanced
727,22,73,3.59,43,92,79,2.9,42,86,Advanced
728,17,69,2.16,53,73,46,1.7,54,74,Advanced
729,22,62,2.39,82,55,76,5.4,51,75,Advanced
730,22,97,2.21,80,76,62,5.7,84,82,Advanced
731,22,56,2.33,51,75,65,4.5,82,50,Advanced
732,23,72,3.8,75,60,94,3.6,88,80,Advanced
733,22,96,2.65,55,76,74,2.5,89,75,Advanced
734,20,73,3.92,68,65,40,6.1,58,78,Advanced
735,16,83,2.27,96,59,40,3.1,54,53,Advanced
736,21,51,3.54,100,84,92,2.9,75,72,Advanced
737,18,56,2.08,62,49,48,2.9,96,77,Advanced
738,19,64,2.51,59,45,76,3.8,98,53,Advanced
739,17,96,2.65,70,51,71,6.8,84,84,Advanced
740,17,88,3.28,42,86,91,5.0,45,89,Advanced
741,16,99,2.67,96,92,67,3.9,95,47,Advanced
742,19,97,3.31,78,99,40,5.4,80,64,Advanced
743,16,69,3.05,60,74,76,2.0,72,84,Advanced
744,19,59,2.1,86,65,68,6.3,76,72,Advanced
745,17,64,2.86,90,65,49,1.9,45,70,Advanced
746,16,85,2.8,45,65,72,4.0,84,48,Advanced
747,18,80,3.12,71,65,81,5.0,75,79,Advanced
748,19,65,2.14,89,67,60,5.8,76,45,Advanced
749,17,92,2.83,63,62,52,3.2,78,81,Advanced
750,16,99,2.61,62,79,92,7.9,68,79,Advanced
751,18,78,2.09,92,54,52,5.8,49,88,Advanced
752,17,57,3.48,55,100,79,7.5,95,93,Advanced
753,20,50,2.69,91,47,59,4.2,41,61,Advanced
754,19,97,3.08,53,74,73,6.3,75,70,Advanced
755,18,94,3.4,41,64,77,7.3,73,42,Advanced
756,20,60,2.12,52,90,84,5.3,43,69,Advanced
757,16,54,2.78,57,82,94,7.4,63,95,Advanced
758,17,51,2.58,96,81,64,2.6,64,72,Advanced
759,17,70,2.97,78,74,45,2.3,72,69,Advanced
760,16,52,2.49,73,59,61,4.4,87,50,Advanced
761,16,72,3.37,62,80,59,2.7,72,57,Advanced
762,16,90,2.52,64,96,92,7.9,100,75,Advanced
763,20,64,2.3,97,65,82,2.0,86,64,Advanced
764,19,76,2.48,49,67,59,7.4,61,68,Advanced
765,18,63,3.3,77,74,83,6.6,95,48,Advanced
766,20,94,3.41,73,98,48,4.0,98,89,Advanced
767,18,91,3.87,98,50,60,1.5,74,100,Advanced
768,17,61,2.64,96,49,86,1.2,60,96,Advanced
769,22,76,2.61,87,99,92,7.3,99,87,Advanced
770,20,59,3.56,46,48,51,1.2,79,79,Advanced
771,20,88,3.13,54,78,54,2.6,41,62,Advanced
772,17,94,3.56,48,72,94,5.2,85,81,Advanced
773,21,61,3.7,71,70,48,2.1,54,42,Advanced
774,22,98,3.94,99,57,100,3.9,87,82,Advanced
775,19,98,2.41,51,99,68,7.1,71,84,Advanced
776,21,79,3.78,67,65,89,1.3,87,92,Advanced
777,22,96,2.63,79,100,87,5.0,74,73,Advanced
778,16,83,2.22,69,92,96,1.3,55,73,Advanced
779,22,97,2.08,64,73,88,5.4,43,52,Advanced
780,20,78,2.8,59,89,92,3.0,50,67,Advanced
781,20,89,3.84,84,73,97,2.0,93,81,Advanced
782,23,55,3.45,47,51,89,5.1,97,84,Advanced
783,18,75,2.83,68,41,51,4.2,97,85,Advanced
784,19,79,2.18,60,84,81,7.4,90,50,Advanced
785,17,55,2.23,68,80,63,1.6,85,64,Advanced
786,18,74,3.1,42,89,50,7.4,76,95,Advanced
787,18,60,3.74,51,89,85,1.4,59,59,Advanced
788,23,68,3.25,47,97,48,7.7,40,79,Advanced
789,20,50,2.92,94,71,74,6.7,78,96,Advanced
790,23,65,2.43,82,70,69,3.9,45,78,Advanced
791,16,65,3.76,57,79,80,4.9,92,53,Advanced
792,16,61,2.3,81,62,42,2.0,42,82,Advanced
793,20,71,3.84,43,46,66,8.0,50,83,Advanced
794,20,89,3.32,84,78,76,6.5,51,69,Advanced
795,21,52,2.19,59,60,63,7.3,92,44,Advanced
796,22,85,2.13,70,48,47,5.9,57,61,Advanced
797,22,83,2.42,53,79,43,1.8,86,80,Advanced
798,17,80,3.45,78,99,90,7.9,58,67,Advanced
799,21,66,3.05,79,62,99,1.9,76,71,Advanced
800,23,81,3.62,96,79,54,6.0,52,40,Advanced
801,17,51,2.93,90,47,87,6.9,91,79,Advanced
802,22,76,2.09,62,75,91,5.5,40,80,Advanced
803,19,94,2.56,90,44,59,3.1,75,60,Advanced
804,16,57,3.37,61,65,86,5.0,41,93,Advanced
805,18,62,2.66,61,99,83,4.4,70,91,Advanced
806,16,91,2.27,49,80,69,7.2,74,97,Advanced
807,21,79,3.57,66,99,87,1.4,73,59,Advanced
808,21,85,3.07,53,76,83,3.3,98,96,Advanced
809,21,54,3.94,57,93,41,3.4,64,80,Advanced
810,18,86,3.21,51,78,47,7.1,88,59,Advanced
811,21,95,2.06,66,45,71,7.1,63,68,Advanced
812,20,63,3.05,51,47,63,6.5,89,52,Advanced
813,17,78,3.01,91,70,97,4.5,52,61,Advanced
814,23,96,3.75,59,89,60,2.0,95,46,Advanced
815,18,63,3.45,69,64,85,7.1,47,40,Advanced
816,20,52,3.37,78,95,45,3.3,96,42,Advanced
817,17,83,3.53,87,59,41,5.0,59,80,Advanced
818,19,70,2.4,58,57,74,3.2,68,82,Advanced
819,17,67,2.3,57,47,40,7.7,75,72,Advanced
820,17,63,3.09,75,60,57,2.0,85,91,Advanced
821,20,86,2.49,44,59,79,7.2,74,68,Advanced
822,16,58,2.06,97,83,43,1.7,43,45,Advanced
823,22,75,2.36,78,97,77,5.4,84,84,Advanced
824,23,89,2.71,61,92,52,6.0,82,91,Advanced
825,17,98,3.53,76,48,45,6.7,98,84,Advanced
826,23,56,2.91,83,81,85,6.4,70,54,Advanced
827,19,59,3.72,79,56,98,3.5,51,84,Advanced
828,21,100,3.72,60,69,71,1.2,70,47,Advanced
829,21,80,2.92,50,58,89,3.4,76,48,Advanced
830,17,75,3.64,90,46,60,4.9,44,90,Advanced
831,20,84,2.92,77,66,55,5.3,75,50,Advanced
832,23,74,2.13,53,92,84,5.1,90,67,Advanced
833,21,84,3.39,51,82,82,1.5,99,85,Advanced
834,23,57,3.18,69,60,75,1.7,68,51,Advanced
835,20,75,2.14,46,83,92,5.2,92,64,Advanced
836,21,81,3.29,43,45,53,6.7,96,77,Advanced
837,16,98,2.29,49,68,74,3.0,79,76,Advanced
838,23,62,2.41,96,60,59,5.0,98,83,Advanced
839,20,77,3.44,98,62,45,5.1,79,72,Advanced
840,22,58,3.71,43,63,97,4.8,43,40,Advanced
841,21,57,3.72,95,41,55,4.0,77,65,Advanced
842,21,95,2.77,64,67,74,2.5,51,70,Advanced
843,18,62,3.11,93,99,63,6.9,49,58,Advanced
844,18,58,2.02,81,41,49,6.0,71,82,Advanced
845,22,58,2.17,81,91,66,7.0,97,90,Advanced
846,22,89,2.36,72,67,75,6.7,64,62,Advanced
847,19,61,2.85,40,76,71,6.9,55,85,Advanced
848,20,76,3.85,76,63,42,7.8,76,70,Advanced
849,21,57,3.16,84,45,49,6.1,73,94,Advanced
850,20,79,3.03,73,96,79,1.6,70,80,Advanced
851,17,93,3.27,91,77,59,5.3,97,61,Advanced
852,16,80,2.91,97,70,76,6.1,66,62,Advanced
853,20,68,2.34,84,99,78,6.2,86,90,Advanced
854,20,53,3.26,77,50,76,1.4,58,91,Advanced
855,16,68,2.97,48,72,44,7.0,57,56,Advanced
856,18,89,2.56,94,56,40,6.2,78,51,Advanced
857,18,92,2.89,91,51,56,6.5,55,71,Advanced
858,18,83,3.72,61,45,49,5.2,92,49,Advanced
859,23,98,3.99,89,64,55,5.6,86,80,Advanced
860,18,63,3.16,93,62,43,5.5,88,92,Advanced
861,17,53,2.34,65,70,59,4.3,100,88,Advanced
862,19,74,3.37,64,70,56,2.0,95,67,Advanced
863,16,68,3.85,68,64,83,3.2,73,83,Advanced
864,16,56,3.84,80,62,94,4.0,98,81,Advanced
865,20,71,2.54,91,46,56,5.6,65,69,Advanced
866,19,96,3.34,89,52,73,3.4,84,51,Advanced
867,21,85,2.02,40,93,44,1.1,46,73,Advanced
868,17,93,2.89,54,86,58,2.8,42,41,Advanced
869,17,53,3.88,82,97,93,2.5,78,80,Advanced
870,17,95,3.92,45,94,78,1.9,82,88,Advanced
871,18,57,3.39,56,58,69,5.6,44,80,Advanced
872,23,67,3.54,84,97,82,6.4,60,56,Advanced
873,18,99,2.15,89,43,64,3.7,43,56,Advanced
874,20,61,2.88,71,99,52,5.3,51,81,Advanced
875,23,56,2.29,89,67,53,5.3,46,98,Advanced
876,23,95,2.52,42,44,44,5.0,56,89,Advanced
877,23,51,3.79,49,81,80,1.0,42,82,Advanced
878,22,67,2.3,61,97,65,5.0,72,85,Advanced
879,23,80,2.87,94,86,89,6.7,44,74,Advanced
880,19,50,2.77,84,92,89,4.4,76,74,Advanced
881,21,71,3.36,65,43,80,8.0,81,45,Advanced
882,21,84,3.71,61,45,93,4.2,89,58,Advanced
883,19,61,3.11,64,82,52,3.1,64,97,Advanced
884,17,90,3.38,71,45,96,5.4,87,52,Advanced
885,18,52,2.39,86,77,55,4.4,44,90,Advanced
886,20,81,3.07,93,91,68,7.8,41,42,Advanced
887,21,53,2.68,86,42,65,1.8,91,81,Advanced
888,23,93,3.74,74,49,87,5.1,99,44,Advanced
889,16,97,2.28,81,41,70,7.4,79,42,Advanced
890,19,94,3.3,40,51,80,1.3,59,92,Advanced
891,17,79,3.22,93,77,44,6.7,46,47,Advanced
892,23,88,3.6,54,44,91,2.4,61,91,Advanced
893,22,70,2.24,83,76,74,2.0,93,90,Advanced
894,19,98,2.09,51,61,44,1.8,49,88,Advanced
895,22,60,3.39,75,50,68,2.7,77,42,Advanced
896,18,56,3.58,80,79,64,6.4,41,96,Advanced
897,23,55,2.01,51,99,45,5.9,77,96,Advanced
898,20,76,3.39,90,89,70,5.8,53,49,Advanced
899,20,83,2.9,55,100,51,5.3,42,78,Advanced
900,18,95,3.0,100,45,80,6.8,59,62,Advanced
901,22,50,3.12,52,47,73,7.8,79,63,Advanced
902,19,79,3.54,82,53,57,1.4,47,90,Advanced
903,18,93,3.69,98,70,71,2.2,82,99,Advanced
904,16,53,3.29,58,53,67,2.8,79,91,Advanced
905,23,52,2.21,43,99,74,2.2,90,41,Advanced
906,23,82,2.23,97,55,86,4.1,77,60,Advanced
907,22,62,3.49,97,60,54,6.5,60,54,Advanced
908,17,65,3.48,95,52,64,7.2,44,70,Advanced
909,23,53,3.78,49,53,99,5.3,51,64,Advanced
910,21,58,2.92,52,80,62,7.8,52,61,Advanced
911,18,52,3.38,43,57,48,1.8,69,69,Advanced
912,22,60,3.52,54,96,58,5.2,90,90,Advanced
913,18,86,3.94,94,54,45,3.9,73,71,Advanced
914,19,87,2.95,69,57,40,6.1,87,95,Advanced
915,19,65,2.65,77,54,97,7.5,100,49,Advanced
916,16,76,3.96,42,70,86,6.4,42,67,Advanced
917,22,80,3.62,84,92,46,4.2,55,45,Advanced
918,16,94,3.46,100,53,48,3.5,55,81,Advanced
919,17,51,2.96,59,50,85,4.2,76,87,Advanced
920,16,79,2.93,48,95,85,3.8,90,95,Advanced
921,21,90,2.93,80,40,95,5.4,64,97,Advanced
922,21,83,2.07,67,88,57,5.9,79,74,Advanced
923,19,100,3.37,79,96,61,6.2,43,72,Advanced
924,21,53,2.22,63,69,79,1.3,63,51,Advanced
925,17,85,3.42,53,48,61,2.7,47,81,Advanced
926,23,97,3.88,77,95,84,2.5,87,88,Advanced
927,19,70,2.71,57,72,83,4.0,43,44,Advanced
928,21,72,2.9,72,73,93,1.9,85,74,Advanced
929,20,78,3.24,91,83,100,5.9,100,96,Advanced
930,17,62,3.78,69,45,45,3.7,51,58,Advanced
931,17,56,2.33,47,84,49,4.5,95,53,Advanced
932,16,68,2.83,83,74,99,1.9,62,66,Advanced
933,23,97,3.29,58,52,44,1.2,91,54,Advanced
934,21,76,3.16,81,81,90,3.3,77,82,Advanced
935,23,79,2.61,48,97,90,3.1,90,56,Advanced
936,19,80,2.74,58,89,94,1.3,62,58,Advanced
937,23,60,3.24,50,85,74,3.0,51,93,Advanced
938,18,60,2.48,42,60,76,1.9,56,63,Advanced
939,18,63,3.12,42,82,60,7.8,49,63,Advanced
940,23,84,3.95,74,59,47,7.4,65,99,Advanced
941,23,99,2.29,69,99,60,2.1,87,74,Advanced
942,21,91,3.41,70,97,58,7.8,88,76,Advanced
943,18,86,3.46,99,68,61,5.8,86,70,Advanced
944,16,58,3.36,47,59,41,3.8,93,54,Advanced
945,23,72,2.18,43,78,81,2.4,73,54,Advanced
946,20,62,2.05,74,94,68,5.7,45,72,Advanced
947,22,62,2.98,78,78,72,7.6,98,82,Advanced
948,21,75,2.3,94,67,63,3.7,40,58,Advanced
949,21,72,2.62,68,95,75,1.6,86,96,Advanced
950,23,97,3.99,91,68,58,2.1,86,97,Advanced
951,22,96,3.79,48,93,77,5.2,49,53,Advanced
952,20,80,3.98,73,61,44,7.5,77,88,Advanced
953,22,55,2.01,80,98,57,3.9,75,69,Advanced
954,18,62,2.37,64,58,75,4.4,92,92,Advanced
955,20,87,2.61,75,87,69,2.6,90,40,Advanced
956,18,66,2.6,80,93,80,4.3,81,82,Advanced
957,20,76,2.36,98,84,81,2.7,47,88,Advanced
958,20,81,3.99,44,78,87,3.5,70,76,Advanced
959,22,66,3.26,70,84,92,1.8,72,86,Advanced
960,16,66,2.33,43,49,60,4.2,84,48,Advanced
961,21,60,2.11,63,66,80,7.4,62,43,Advanced
962,20,68,3.06,99,44,72,2.4,80,51,Advanced
963,17,88,3.51,74,60,95,3.2,94,83,Advanced
964,20,67,3.37,84,63,46,4.7,62,92,Advanced
965,18,50,2.27,58,63,89,4.4,61,98,Advanced
966,18,56,2.44,72,54,93,2.3,97,75,Advanced
967,17,76,2.92,44,47,92,1.9,41,70,Advanced
968,21,69,3.38,48,92,68,7.2,78,73,Advanced
969,21,61,3.42,41,87,92,1.8,48,94,Advanced
970,18,94,2.45,48,53,48,7.9,67,84,Advanced
971,17,54,2.04,70,88,67,1.3,46,42,Advanced
972,16,80,2.24,56,42,44,3.1,40,88,Advanced
973,17,100,2.25,78,53,77,7.3,51,82,Advanced
974,21,51,2.18,94,87,100,2.9,77,62,Advanced
975,21,60,3.71,89,86,79,2.7,76,44,Advanced
976,17,87,3.53,73,53,85,2.3,58,50,Advanced
977,16,96,2.2,53,98,72,7.0,70,63,Advanced
978,18,78,3.35,46,51,93,3.5,64,67,Advanced
979,19,82,2.46,47,88,60,1.9,47,73,Advanced
980,18,81,3.52,85,58,75,6.1,45,60,Advanced
981,23,57,2.77,69,78,87,3.2,93,68,Advanced
982,19,85,2.81,94,67,52,7.0,97,93,Advanced
983,23,93,2.73,40,83,71,5.7,65,68,Advanced
984,17,57,2.29,65,84,77,7.8,87,99,Advanced
985,18,54,2.73,52,61,52,5.2,65,47,Advanced
986,19,77,3.45,57,88,85,6.4,77,57,Advanced
987,22,72,2.95,78,100,65,7.9,72,57,Advanced
988,18,99,2.91,47,56,71,4.5,80,100,Advanced
989,18,51,2.2,43,93,44,4.5,41,51,Advanced
990,22,88,3.36,49,59,79,5.4,88,44,Advanced
991,23,100,2.93,58,82,71,4.4,56,74,Advanced
992,21,84,3.09,100,88,42,7.9,96,98,Advanced
993,17,74,2.9,94,64,68,4.2,42,51,Advanced
994,20,95,2.33,67,48,59,6.0,71,88,Advanced
995,17,86,3.35,82,75,83,4.8,70,70,Advanced
996,18,82,2.11,56,71,77,7.8,79,83,Advanced
997,21,99,3.96,60,43,41,5.1,48,93,Advanced
998,21,72,3.62,77,41,88,7.2,61,64,Advanced
999,17,77,2.69,62,66,62,1.4,55,55,Advanced
1000,19,91,2.62,45,98,84,1.5,59,47,Advanced
1001,21,60,2.04,60,42,69,5.6,67,76,Advanced
1002,22,67,2.04,70,77,41,7.9,64,76,Advanced
1003,22,70,3.15,91,71,46,5.8,53,61,Advanced
1004,23,82,3.62,82,61,50,5.3,63,67,Advanced
1005,19,81,3.27,90,44,93,7.0,53,58,Advanced
1006,20,53,2.59,76,65,91,2.6,87,45,Advanced
1007,17,87,2.67,44,76,91,4.7,67,53,Advanced
1008,21,100,2.15,92,59,72,6.6,67,82,Advanced
1009,21,62,2.83,56,79,72,4.2,88,75,Advanced
1010,18,51,3.26,73,95,51,5.0,53,82,Advanced
1011,23,67,3.87,74,91,79,7.0,98,67,Advanced
1012,16,83,2.4,69,49,55,2.1,83,88,Advanced
1013,20,77,2.82,95,93,98,1.5,53,94,Advanced
1014,22,67,3.65,81,50,56,5.8,55,65,Advanced
1015,19,57,2.3,41,55,91,6.8,69,71,Advanced
1016,22,77,3.29,42,52,50,2.9,41,56,Advanced
1017,20,92,3.1,81,94,42,7.7,71,90,Advanced
1018,16,53,3.72,45,60,78,3.1,44,97,Advanced
1019,22,73,3.34,96,45,65,7.6,86,93,Advanced
1020,18,65,2.22,87,72,99,1.8,82,93,Advanced
1021,20,81,3.77,55,78,47,6.4,60,61,Advanced
1022,22,97,3.49,99,67,53,2.0,51,53,Advanced
1023,20,78,2.82,95,77,43,4.4,63,84,Advanced
1024,17,70,3.09,70,83,55,7.7,96,90,Advanced
1025,18,73,2.95,63,92,59,1.1,97,78,Advanced
1026,16,97,3.32,100,43,84,7.4,82,55,Advanced
1027,20,85,2.77,80,84,63,7.3,83,47,Advanced
1028,19,78,2.78,98,65,99,7.8,56,59,Advanced
1029,17,98,2.47,53,95,96,2.1,68,80,Advanced
1030,21,99,3.29,90,42,57,7.1,92,89,Advanced
1031,23,80,3.47,99,93,61,6.0,96,98,Advanced
1032,17,60,3.4,72,44,62,3.9,86,92,Advanced
1033,21,79,3.39,88,43,81,5.5,80,68,Advanced
1034,18,50,2.8,80,59,60,5.0,47,50,Advanced
1035,19,83,3.43,89,93,81,6.3,94,78,Advanced
1036,22,100,3.88,68,70,95,6.1,56,51,Advanced
1037,21,68,2.4,66,63,51,3.8,64,100,Advanced
1038,19,51,3.9,99,75,81,5.3,54,98,Advanced
1039,17,79,2.4,84,94,50,1.3,79,67,Advanced
1040,20,59,2.18,63,50,100,5.0,40,85,Advanced
1041,22,99,3.84,69,92,83,4.5,54,85,Advanced
1042,19,62,3.89,92,90,57,3.0,71,64,Advanced
1043,18,77,3.71,78,53,92,3.0,83,52,Advanced
1044,22,61,2.82,49,41,58,7.8,55,79,Advanced
1045,23,65,2.74,83,81,69,1.6,70,48,Advanced
1046,21,94,2.8,53,85,64,6.0,87,78,Advanced
1047,20,54,2.19,43,43,61,7.5,70,98,Advanced
1048,21,88,3.88,91,78,85,6.2,42,40,Advanced
1049,20,82,3.24,59,65,82,3.6,97,75,Advanced
1050,16,87,2.36,50,72,71,7.5,96,69,Advanced
1051,18,55,2.63,73,67,49,2.8,60,42,Advanced
1052,18,81,3.74,93,57,87,3.5,67,58,Advanced
1053,20,89,3.66,99,56,73,3.2,97,50,Advanced
1054,21,97,3.99,88,100,49,4.9,99,82,Advanced
1055,23,53,2.38,43,54,51,1.3,56,50,Advanced
1056,23,77,2.23,97,99,71,1.3,62,85,Advanced
1057,23,79,2.99,94,86,95,2.0,62,45,Advanced
1058,19,68,2.36,50,87,72,6.8,76,97,Advanced
1059,19,87,4.0,40,73,89,5.0,66,98,Advanced
1060,17,65,3.54,83,46,96,3.3,58,83,Advanced
1061,17,75,2.75,99,100,46,6.9,49,41,Advanced
1062,17,79,3.66,82,70,69,5.4,57,78,Advanced
1063,16,71,3.94,81,79,100,4.2,100,86,Advanced
1064,18,63,3.73,91,81,58,3.3,43,87,Advanced
1065,17,85,3.9,64,45,65,2.8,55,89,Advanced
1066,22,55,2.04,53,50,64,6.5,58,81,Advanced
1067,18,57,2.6,91,67,87,6.6,59,97,Advanced
1068,18,72,3.33,93,63,72,2.4,68,96,Advanced
1069,22,80,2.54,78,67,45,6.3,91,63,Advanced
1070,18,77,3.26,45,42,72,3.4,69,83,Advanced
1071,19,91,3.37,49,99,71,4.7,81,73,Advanced
1072,17,68,2.94,45,98,91,4.3,49,48,Advanced
1073,20,65,3.05,58,76,43,4.9,98,42,Advanced
1074,17,82,2.85,46,69,82,6.0,92,56,Advanced
1075,21,66,3.17,89,72,41,1.8,82,69,Advanced
1076,18,100,2.36,65,42,45,3.9,85,59,Advanced
1077,21,87,3.45,88,82,68,5.4,56,61,Advanced
1078,18,63,2.37,87,78,56,7.1,46,67,Advanced
1079,16,50,2.79,40,50,81,4.3,84,65,Advanced
1080,23,69,3.24,79,63,84,5.7,84,83,Advanced
1081,22,69,2.18,48,40,52,1.8,41,84,Advanced
1082,19,51,2.42,81,49,81,2.7,93,80,Advanced
1083,19,55,2.6,69,49,70,4.0,47,50,Advanced
1084,18,97,3.41,71,70,41,7.0,77,55,Advanced
1085,19,68,3.14,93,65,43,3.3,46,80,Advanced
1086,22,76,3.7,87,77,78,6.1,58,42,Advanced
1087,23,75,2.97,77,86,79,7.5,97,92,Advanced
1088,23,64,3.43,73,41,67,5.0,75,44,Advanced
1089,20,91,2.83,70,47,71,5.4,81,62,Advanced
1090,23,94,2.87,50,58,86,2.3,62,68,Advanced
1091,19,82,2.44,98,83,61,7.5,94,93,Advanced
1092,23,58,3.77,86,85,64,7.7,93,100,Advanced
1093,21,100,2.94,94,50,79,2.5,84,87,Advanced
1094,17,92,2.97,51,52,50,5.2,46,90,Advanced
1095,22,81,2.61,53,75,43,8.0,62,96,Advanced
1096,20,72,3.35,51,92,95,7.3,42,91,Advanced
1097,17,71,2.86,79,54,47,4.9,71,56,Advanced
1098,21,100,2.71,42,89,96,4.9,97,49,Advanced
1099,17,95,2.1,100,68,91,4.2,93,88,Advanced
1100,17,56,3.56,79,90,94,7.6,92,75,Advanced
1101,16,82,2.21,80,47,95,2.4,63,50,Advanced
1102,20,95,2.88,72,71,86,7.1,49,81,Advanced
1103,21,71,3.64,47,94,52,4.1,66,89,Advanced
1104,16,65,3.67,70,61,58,4.5,45,57,Advanced
1105,21,95,3.51,63,80,82,2.7,88,88,Advanced
1106,22,100,2.46,91,67,66,7.4,97,69,Advanced
1107,21,51,2.89,89,40,85,6.6,100,44,Advanced
1108,17,71,2.63,89,50,67,1.4,88,42,Advanced
1109,18,86,2.12,80,85,91,5.6,73,58,Advanced
1110,22,75,3.77,84,75,95,3.1,87,60,Advanced
1111,21,50,3.65,97,73,79,7.4,84,65,Advanced
1112,23,91,2.41,74,79,90,5.3,68,84,Advanced
1113,21,100,3.3,89,52,96,3.1,42,74,Advanced
1114,21,74,3.45,87,96,48,4.6,74,58,Advanced
1115,19,55,3.02,59,73,61,6.3,50,41,Advanced
1116,16,100,3.08,56,55,93,6.4,86,67,Advanced
1117,17,96,2.12,63,56,80,4.6,47,43,Advanced
1118,17,78,2.6,87,40,69,3.4,55,91,Advanced
1119,19,72,2.6,82,90,92,6.0,83,48,Advanced
1120,22,83,3.48,46,60,73,5.1,92,89,Advanced
1121,21,79,2.2,85,67,93,3.9,45,43,Advanced
1122,22,58,2.95,68,44,63,5.7,65,77,Advanced
1123,22,66,3.17,80,67,68,5.8,100,71,Advanced
1124,22,60,2.29,48,71,85,4.2,85,72,Advanced
1125,17,94,2.43,70,42,87,2.1,75,63,Advanced
1126,17,88,3.7,47,47,63,5.0,42,73,Advanced
1127,18,57,2.74,63,59,58,4.4,90,49,Advanced
1128,18,100,3.18,43,99,97,3.1,58,53,Advanced
1129,18,97,2.98,47,75,62,1.5,42,66,Advanced
1130,23,86,2.62,68,97,61,6.5,70,93,Advanced
1131,18,98,2.28,80,69,88,4.1,68,49,Advanced
1132,21,55,3.6,82,79,66,3.7,97,65,Advanced
1133,21,84,2.09,82,96,68,6.2,81,45,Advanced
1134,18,95,2.05,80,90,89,6.0,75,81,Advanced
1135,17,91,3.12,52,79,74,5.0,43,76,Advanced
1136,19,98,2.95,97,41,47,5.6,74,51,Advanced
1137,16,67,3.57,55,93,85,6.9,77,68,Advanced
1138,17,84,3.21,65,77,42,4.4,99,41,Advanced
1139,21,77,2.36,41,95,73,3.2,56,45,Advanced
1140,17,56,3.08,58,49,51,2.8,45,49,Advanced
1141,20,76,3.36,43,79,60,2.3,85,43,Advanced
1142,20,74,2.2,49,66,97,3.3,64,100,Advanced
1143,17,53,2.41,88,78,77,2.7,72,88,Advanced
1144,22,57,2.54,60,69,75,3.8,70,41,Advanced
1145,22,90,2.47,96,41,57,4.9,77,83,Advanced
1146,17,65,3.53,81,90,48,3.1,66,68,Advanced
1147,17,90,3.0,90,49,63,4.8,50,90,Advanced
1148,19,84,3.91,98,75,68,1.3,92,69,Advanced
1149,20,91,3.94,40,43,99,7.5,57,78,Advanced
1150,20,93,2.76,62,93,80,2.5,93,72,Advanced
1151,20,52,2.32,74,76,44,3.1,65,84,Advanced
1152,17,58,3.45,57,96,67,2.5,72,91,Advanced
1153,21,93,3.89,80,56,88,6.0,57,55,Advanced
1154,21,71,2.42,78,61,41,7.4,48,81,Advanced
1155,16,88,2.95,97,40,83,2.2,75,97,Advanced
1156,23,98,2.79,45,90,96,5.5,44,74,Advanced
1157,16,92,2.89,47,62,92,3.6,78,62,Advanced
1158,22,61,3.68,91,84,40,1.9,63,99,Advanced
1159,19,78,2.02,87,41,88,3.0,98,85,Advanced
1160,21,62,2.18,79,80,59,6.7,54,54,Advanced
1161,23,73,2.07,71,97,85,5.9,53,40,Advanced
1162,19,90,2.79,95,57,76,4.5,50,75,Advanced
1163,19,92,3.48,83,83,78,5.0,44,77,Advanced
1164,18,97,2.13,56,99,76,7.0,96,73,Advanced
1165,20,62,3.7,41,84,83,4.7,56,83,Advanced
1166,23,50,3.88,81,83,100,5.6,94,100,Advanced
1167,21,77,3.69,66,57,47,5.8,69,71,Advanced
1168,21,83,3.52,96,86,54,1.3,98,66,Advanced
1169,23,70,2.01,52,61,45,7.2,91,41,Advanced
1170,19,94,2.85,44,98,55,2.4,61,59,Advanced
1171,17,90,3.25,41,70,67,6.7,77,91,Advanced
1172,21,66,2.49,70,55,61,6.8,92,61,Advanced
1173,19,54,3.55,79,68,88,1.7,68,77,Advanced
1174,17,55,3.95,98,42,64,3.2,94,84,Advanced
1175,17,100,2.26,98,91,68,1.4,79,80,Advanced
1176,22,54,2.2,43,75,43,3.1,64,65,Advanced
1177,17,89,3.5,54,95,78,6.5,79,40,Advanced
1178,23,74,2.93,67,96,79,5.3,61,81,Advanced
1179,16,79,3.03,77,52,46,1.7,78,85,Advanced
1180,17,87,3.58,52,97,76,1.9,72,56,Advanced
1181,21,76,2.96,79,68,51,2.7,91,42,Advanced
1182,16,58,2.62,67,72,81,6.3,59,77,Advanced
1183,18,59,2.94,78,61,58,3.6,40,73,Advanced
1184,18,53,2.47,92,93,75,7.0,67,62,Advanced
1185,19,62,3.28,52,90,44,3.4,82,70,Advanced
1186,23,88,3.38,94,77,76,7.7,79,59,Advanced
1187,22,71,2.32,69,96,90,7.4,71,54,Advanced
1188,16,90,2.45,54,69,79,2.5,70,87,Advanced
1189,21,97,2.75,65,51,92,7.9,63,40,Advanced
1190,17,72,2.06,47,49,58,4.1,80,77,Advanced
1191,21,52,3.95,52,52,58,2.2,96,56,Advanced
1192,18,71,3.7,55,51,52,1.2,93,56,Advanced
1193,17,51,3.66,48,64,81,6.5,47,61,Advanced
1194,19,69,2.91,63,91,63,5.6,100,73,Advanced
1195,22,95,2.13,49,96,99,1.9,52,52,Advanced
1196,22,94,2.75,78,67,80,2.7,42,88,Advanced
1197,19,84,2.59,49,60,55,1.4,90,57,Advanced
1198,18,82,3.94,96,71,53,6.1,90,70,Advanced
1199,17,60,3.02,88,96,81,6.3,63,71,Advanced
1200,23,61,2.64,63,73,84,4.4,71,70,Advanced
1201,20,87,2.8,98,90,77,5.5,53,54,Advanced
1202,19,78,3.73,65,53,59,4.0,64,76,Advanced
1203,18,73,2.51,45,48,88,1.6,68,73,Advanced
1204,21,64,3.17,69,72,79,3.4,68,69,Advanced
1205,22,76,2.74,71,60,57,3.7,51,68,Advanced
1206,19,66,3.29,62,97,45,3.1,72,72,Advanced
1207,17,100,2.55,54,46,47,1.5,42,74,Advanced
1208,19,71,2.39,61,56,59,6.2,89,83,Advanced
1209,20,62,3.41,48,94,88,6.0,74,98,Advanced
1210,20,50,3.54,58,92,62,6.5,65,100,Advanced
1211,22,87,3.52,40,70,81,4.6,88,100,Advanced
1212,18,75,2.46,86,87,53,4.3,73,77,Advanced
1213,23,96,3.63,61,90,45,3.2,52,67,Advanced
1214,22,63,2.88,94,75,41,3.6,76,95,Advanced
1215,18,69,3.89,40,71,91,5.6,62,61,Advanced
1216,19,76,2.85,88,65,88,6.5,74,59,Advanced
1217,21,87,2.05,90,42,99,2.0,100,61,Advanced
1218,22,74,2.41,65,44,74,3.7,70,46,Advanced
1219,21,86,3.92,80,97,59,1.7,46,83,Advanced
1220,18,52,3.65,78,71,41,2.3,44,98,Advanced
1221,22,68,2.41,58,82,73,1.5,43,63,Advanced
1222,16,60,2.65,98,66,65,2.1,47,48,Advanced
1223,22,80,3.49,64,97,95,2.4,95,53,Advanced
1224,20,77,3.64,82,70,50,5.2,100,59,Advanced
1225,19,82,3.43,69,57,52,1.1,49,68,Advanced
1226,17,75,3.21,55,73,61,7.4,96,71,Advanced
1227,23,79,3.15,87,45,58,5.5,98,69,Advanced
1228,21,94,3.69,90,59,65,5.3,91,94,Advanced
1229,18,76,2.5,97,79,86,4.0,64,98,Advanced
1230,18,94,3.14,65,84,100,1.3,96,95,Advanced
1231,18,67,3.77,74,58,82,7.4,84,86,Advanced
1232,19,81,2.82,88,75,47,8.0,44,88,Advanced
1233,17,82,3.53,60,66,68,2.2,53,72,Advanced
1234,16,79,2.05,80,84,83,6.2,64,61,Advanced
1235,22,62,2.79,40,56,47,6.0,48,60,Advanced
1236,23,81,2.92,45,75,82,2.7,100,68,Advanced
1237,18,80,3.64,93,50,50,6.9,78,46,Advanced
1238,18,68,2.25,87,65,50,1.5,88,40,Advanced
1239,20,59,2.88,51,53,85,1.2,83,74,Advanced
1240,19,78,3.39,93,80,91,4.7,82,85,Advanced
1241,17,74,3.38,68,43,78,1.0,89,64,Advanced
1242,19,65,2.75,55,52,45,1.1,41,40,Advanced
1243,21,62,3.36,44,54,96,1.7,93,93,Advanced
1244,18,96,2.33,66,72,46,6.7,60,75,Advanced
1245,19,89,2.41,74,65,100,4.0,54,53,Advanced
1246,17,72,2.65,40,65,81,3.2,64,53,Advanced
1247,23,64,2.13,92,57,81,5.4,42,44,Advanced
1248,19,76,2.6,78,71,46,6.0,90,99,Advanced
1249,18,66,3.92,78,60,80,5.9,83,99,Advanced
1250,18,71,2.35,88,96,84,3.2,94,82,Advanced
1251,23,54,2.67,78,98,77,4.1,72,80,Advanced
1252,19,82,3.17,40,54,41,5.3,97,47,Advanced
1253,20,65,3.48,88,55,79,1.6,48,63,Advanced
1254,23,68,2.4,64,53,81,1.3,99,86,Advanced
1255,23,97,3.75,48,57,60,5.5,88,42,Advanced
1256,22,91,3.63,88,41,54,6.9,61,61,Advanced
1257,19,63,3.08,98,98,82,7.9,91,83,Advanced
1258,19,88,3.75,73,60,51,4.1,40,44,Advanced
1259,23,54,3.91,43,80,49,7.6,48,45,Advanced
1260,18,87,3.1,90,99,53,2.7,45,67,Advanced
1261,23,69,2.33,52,55,67,2.2,55,59,Advanced
1262,20,86,2.9,80,52,57,7.0,70,45,Advanced
1263,21,75,2.76,70,68,67,4.5,87,67,Advanced
1264,18,100,2.96,88,64,67,7.0,88,98,Advanced
1265,20,88,3.07,75,86,51,2.8,69,59,Advanced
1266,23,68,2.75,78,70,44,3.3,85,70,Advanced
1267,19,59,3.83,40,40,95,4.5,86,63,Advanced
1268,23,75,3.85,100,65,87,3.6,71,59,Advanced
1269,17,76,3.77,98,47,64,7.5,50,52,Advanced
1270,22,66,3.54,88,86,62,4.6,71,80,Advanced
1271,21,94,2.12,64,99,67,6.1,55,70,Advanced
1272,16,73,3.26,83,41,84,5.7,49,56,Advanced
1273,23,93,2.29,55,78,77,7.7,93,50,Advanced
1274,16,57,3.54,81,85,98,3.7,85,77,Advanced
1275,17,83,3.82,96,67,50,6.8,56,84,Advanced
1276,20,82,3.94,82,96,64,5.1,86,66,Advanced
1277,17,56,3.27,89,91,62,6.7,57,87,Advanced
1278,19,97,2.8,59,40,50,6.7,40,46,Advanced
1279,17,99,3.39,73,66,81,3.0,67,50,Advanced
1280,18,73,2.37,48,52,71,2.3,100,47,Advanced
1281,23,86,3.63,51,52,43,6.2,91,88,Advanced
1282,19,66,3.97,95,66,68,5.4,79,46,Advanced
1283,18,55,2.59,64,47,57,1.4,41,77,Advanced
1284,19,80,2.97,88,46,40,1.4,88,40,Advanced
1285,16,56,2.42,90,40,64,5.2,88,57,Advanced
1286,23,80,3.51,78,67,61,3.6,96,61,Advanced
1287,21,65,3.88,82,65,64,5.3,62,95,Advanced
1288,21,56,2.01,95,84,65,6.1,96,99,Advanced
1289,18,51,3.2,95,73,57,7.7,88,92,Advanced
1290,19,73,2.9,83,82,95,4.3,66,82,Advanced
1291,19,50,3.97,100,92,60,1.1,63,95,Advanced
1292,16,97,2.65,68,54,78,4.4,87,79,Advanced
1293,17,72,2.86,99,100,99,4.3,82,94,Advanced
1294,17,96,2.77,78,52,85,2.0,73,96,Advanced
1295,16,58,3.0,45,59,93,5.7,75,95,Advanced
1296,23,60,3.79,47,70,82,4.8,55,53,Advanced
1297,18,98,3.89,84,45,46,4.0,85,41,Advanced
1298,18,70,3.81,89,57,54,6.0,82,70,Advanced
1299,17,92,2.27,74,80,86,4.4,90,84,Advanced
1300,21,64,3.86,89,99,78,1.5,61,64,Advanced
1301,22,91,3.28,75,94,67,6.7,54,56,Advanced
1302,17,68,2.18,45,61,87,5.1,52,87,Advanced
1303,17,86,2.74,94,60,64,5.0,40,59,Advanced
1304,16,87,3.07,94,64,67,3.2,63,91,Advanced
1305,18,83,3.33,77,54,46,3.8,74,94,Advanced
1306,23,70,2.29,100,58,93,2.5,83,69,Advanced
1307,18,88,2.57,87,82,94,6.6,84,42,Advanced
1308,21,69,3.0,84,47,57,8.0,85,76,Advanced
1309,23,90,3.66,71,58,85,7.8,43,91,Advanced
1310,21,59,3.66,53,94,86,7.5,54,84,Advanced
1311,16,99,2.36,71,86,65,3.1,92,82,Advanced
1312,18,51,3.1,61,67,83,4.3,62,88,Advanced
1313,22,75,2.14,86,58,58,5.9,52,84,Advanced
1314,22,56,2.26,88,90,77,7.1,43,94,Advanced
1315,20,79,3.31,76,48,68,5.9,58,97,Advanced
1316,18,63,2.44,87,52,87,5.6,63,86,Advanced
1317,17,93,3.57,94,49,64,7.7,67,83,Advanced
1318,18,53,2.19,70,51,100,1.4,72,81,Advanced
1319,21,87,2.87,49,80,86,3.8,42,47,Advanced
1320,19,75,2.98,84,78,51,5.6,64,89,Advanced
1321,17,99,2.93,92,81,64,2.9,81,68,Advanced
1322,21,50,2.24,45,47,71,5.5,98,72,Advanced
1323,19,51,3.17,76,70,57,5.9,46,90,Advanced
1324,18,74,2.97,81,84,67,3.1,48,46,Advanced
1325,21,54,3.43,95,90,74,2.3,92,84,Advanced
1326,16,75,3.11,74,90,91,4.7,44,73,Advanced
1327,17,98,3.51,82,97,47,2.3,78,84,Advanced
1328,18,50,3.11,91,60,47,1.3,76,53,Advanced
1329,18,55,3.12,94,88,42,1.6,47,72,Advanced
1330,20,73,3.93,50,67,100,5.6,55,59,Advanced
1331,16,83,3.81,58,82,74,4.1,76,71,Advanced
1332,21,83,3.82,62,78,74,4.6,84,46,Advanced
1333,16,65,2.07,49,59,94,6.8,48,78,Advanced
1334,19,87,2.72,48,86,79,4.0,75,56,Advanced
1335,20,74,3.3,50,65,69,1.6,56,83,Advanced
1336,22,94,2.29,53,44,80,6.1,80,84,Advanced
1337,19,95,2.74,82,81,92,4.6,50,66,Advanced
1338,18,70,3.98,67,64,41,7.7,55,44,Advanced
1339,20,57,3.06,83,75,66,1.5,80,45,Advanced
1340,21,71,3.56,49,95,91,2.6,40,46,Advanced
1341,22,64,2.76,46,90,99,1.9,73,86,Advanced
1342,20,87,3.64,71,46,73,3.4,76,95,Advanced
1343,20,85,2.54,46,97,43,2.2,100,88,Advanced
1344,22,61,2.69,87,83,90,4.7,78,96,Advanced
1345,22,80,3.18,56,40,83,4.6,49,82,Advanced
1346,18,59,2.76,87,57,43,7.4,80,63,Advanced
1347,19,93,3.22,85,69,51,4.1,62,91,Advanced
1348,23,82,2.57,100,67,73,7.6,96,99,Advanced
1349,19,69,3.27,45,100,59,3.8,60,94,Advanced
1350,17,90,2.16,86,55,100,1.7,76,43,Advanced
1351,17,97,2.57,99,71,91,7.1,100,67,Advanced
1352,18,80,3.0,83,83,96,4.7,47,65,Advanced
1353,16,89,2.38,93,87,40,6.0,84,74,Advanced
1354,21,65,3.99,82,100,98,6.8,96,100,Advanced
1355,16,88,2.9,50,83,99,7.2,73,97,Advanced
1356,19,61,2.15,93,48,72,3.5,43,67,Advanced
1357,23,74,2.34,47,61,98,5.8,93,74,Advanced
1358,17,68,2.6,58,56,53,1.0,80,76,Advanced
1359,22,63,3.85,99,99,81,4.6,97,42,Advanced
1360,23,89,3.7,43,62,40,5.3,61,59,Advanced
1361,21,56,2.01,96,86,51,3.8,40,46,Advanced
1362,22,81,2.4,73,72,97,2.1,47,98,Advanced
1363,23,50,2.31,82,56,54,4.3,63,59,Advanced
1364,21,77,3.78,74,91,57,1.8,68,82,Advanced
1365,23,60,2.28,87,67,40,3.5,95,85,Advanced
1366,19,57,2.38,42,48,65,3.9,61,97,Advanced
1367,16,60,3.33,100,70,82,7.9,47,66,Advanced
1368,23,85,2.99,83,85,48,3.3,88,89,Advanced
1369,22,82,3.45,87,93,92,3.7,47,46,Advanced
1370,16,58,2.31,72,40,89,5.8,43,83,Advanced
1371,21,77,3.95,87,40,67,4.4,58,71,Advanced
1372,17,98,2.86,79,49,86,4.6,55,57,Advanced
1373,17,66,3.99,55,82,92,4.0,70,85,Advanced
1374,17,94,3.46,79,51,52,7.9,77,80,Advanced
1375,18,64,2.24,65,42,57,7.9,99,49,Advanced
1376,22,51,3.23,45,95,43,3.7,73,59,Advanced
1377,19,64,2.67,70,43,72,4.0,43,59,Advanced
1378,17,67,2.73,100,62,85,3.9,60,97,Advanced
1379,16,61,2.08,43,82,87,3.3,58,70,Advanced
1380,20,88,2.2,51,56,100,4.4,61,59,Advanced
1381,17,56,3.34,83,75,89,7.0,61,63,Advanced
1382,21,97,3.56,73,78,63,2.7,57,53,Advanced
1383,22,55,3.77,48,80,87,5.2,42,77,Advanced
1384,19,62,3.41,99,46,44,7.6,79,61,Advanced
1385,20,96,2.95,88,52,74,6.0,42,48,Advanced
1386,19,76,3.1,56,97,96,6.3,94,98,Advanced
1387,21,73,2.9,85,47,98,4.1,70,66,Advanced
1388,16,60,3.2,84,48,58,1.3,76,43,Advanced
1389,19,97,3.63,71,83,74,7.1,44,50,Advanced
1390,23,98,3.02,75,89,64,3.8,57,53,Advanced
1391,18,50,2.32,53,77,84,1.1,99,90,Advanced
1392,23,82,3.42,73,56,59,7.0,58,85,Advanced
1393,20,85,2.24,54,42,74,2.7,42,80,Advanced
1394,18,67,3.85,57,95,90,1.4,55,92,Advanced
1395,19,84,2.23,81,62,80,5.2,63,60,Advanced
1396,17,95,3.77,56,86,48,3.9,79,58,Advanced
1397,21,53,3.25,40,92,62,2.5,57,51,Advanced
1398,20,51,3.07,95,89,100,6.5,46,86,Advanced
1399,22,91,2.51,80,80,78,4.9,92,68,Advanced
1400,19,70,2.54,77,80,91,7.0,65,49,Advanced
1401,23,64,3.46,67,63,49,7.3,45,71,Advanced
1402,18,79,2.37,95,51,52,5.0,100,86,Advanced
1403,18,91,2.56,59,50,96,2.2,65,83,Advanced
1404,19,54,2.29,67,55,69,7.4,65,46,Advanced
1405,18,96,3.5,40,78,46,3.6,41,47,Advanced
1406,16,98,3.66,99,42,48,2.7,45,57,Advanced
1407,18,90,3.2,90,40,90,1.7,87,92,Advanced
1408,21,95,2.17,48,70,88,4.9,68,92,Advanced
1409,18,69,2.66,49,55,43,4.8,57,80,Advanced
1410,17,51,3.65,46,74,58,1.7,96,93,Advanced
1411,22,59,2.0,54,41,54,4.0,49,62,Advanced
1412,20,64,3.84,83,64,83,7.2,92,97,Advanced
1413,17,81,2.34,47,54,46,7.7,58,62,Advanced
1414,17,89,2.67,63,99,99,7.4,97,42,Advanced
1415,18,61,2.86,61,78,51,5.8,49,97,Advanced
1416,20,89,3.64,62,96,46,2.9,71,82,Advanced
1417,21,66,3.62,85,91,44,6.5,95,99,Advanced
1418,18,99,3.31,60,49,64,4.1,90,90,Advanced
1419,23,54,2.23,67,86,57,2.0,60,48,Advanced
1420,18,99,2.77,60,71,67,4.4,66,78,Advanced
1421,21,58,3.6,81,98,55,3.7,75,71,Advanced
1422,23,84,3.07,54,64,45,5.1,66,73,Advanced
1423,19,94,2.17,63,40,53,8.0,41,63,Advanced
1424,23,58,3.84,43,98,62,3.5,94,95,Advanced
1425,18,68,2.92,93,94,75,7.8,98,66,Advanced
1426,19,63,3.66,43,87,48,1.8,84,85,Advanced
1427,18,74,3.47,84,67,63,1.4,46,82,Advanced
1428,17,80,3.67,95,50,41,2.0,49,45,Advanced
1429,19,54,2.02,93,92,66,2.0,51,70,Advanced
1430,18,97,3.05,100,59,70,3.9,61,68,Advanced
1431,16,68,2.22,43,96,81,1.2,88,51,Advanced
1432,18,50,2.79,67,83,100,7.1,75,85,Advanced
1433,20,86,3.0,85,54,67,7.5,57,45,Advanced
1434,22,58,3.49,65,79,43,2.5,51,92,Advanced
1435,17,94,2.94,60,81,81,3.8,64,50,Advanced
1436,16,73,3.29,52,57,46,1.7,63,78,Advanced
1437,21,51,2.48,50,74,46,1.5,78,40,Advanced
1438,20,62,3.1,80,99,42,2.7,45,76,Advanced
1439,16,86,3.97,70,42,43,3.2,100,59,Advanced
1440,16,72,3.5,65,72,52,3.2,65,86,Advanced
1441,21,58,3.41,46,61,66,7.3,72,46,Advanced
1442,18,51,3.17,64,70,77,7.1,42,58,Advanced
1443,18,59,3.36,45,96,80,1.7,85,54,Advanced
1444,19,93,3.31,89,85,50,8.0,72,73,Advanced
1445,21,78,3.57,61,58,63,5.4,100,67,Advanced
1446,16,95,3.55,64,55,53,8.0,78,44,Advanced
1447,18,86,3.26,71,46,91,1.1,89,95,Advanced
1448,20,85,3.74,91,90,97,1.6,46,69,Advanced
1449,21,60,3.87,50,44,57,5.0,62,45,Advanced
1450,17,61,3.42,69,56,70,7.8,88,96,Advanced
1451,23,91,3.85,100,47,76,4.4,63,94,Advanced
1452,20,75,2.82,79,98,83,1.9,63,72,Advanced
1453,21,73,2.17,66,72,68,2.8,96,83,Advanced
1454,16,89,3.95,43,87,90,2.7,92,75,Advanced
1455,16,59,3.71,58,64,50,5.0,94,44,Advanced
1456,19,74,3.75,82,45,62,4.3,81,74,Advanced
1457,23,56,2.17,86,46,98,7.7,65,89,Advanced
1458,22,62,2.8,44,60,61,8.0,71,53,Advanced
1459,23,57,2.56,42,74,49,7.6,49,80,Advanced
1460,19,70,3.14,78,89,64,1.4,91,63,Advanced
1461,22,80,2.43,53,95,41,7.7,83,67,Advanced
1462,20,66,3.27,45,49,44,2.9,45,59,Advanced
1463,23,76,3.05,82,97,56,2.3,43,45,Advanced
1464,22,71,3.93,59,50,52,3.4,66,70,Advanced
1465,23,84,3.38,50,84,67,3.5,84,76,Advanced
1466,22,50,3.12,97,78,52,1.5,82,77,Advanced
1467,18,70,3.33,92,100,86,6.2,87,86,Advanced
1468,21,50,2.3,69,99,49,4.5,60,47,Advanced
1469,22,66,3.04,40,68,100,6.8,48,80,Advanced
1470,23,90,3.94,46,42,53,6.2,52,66,Advanced
1471,18,88,2.76,62,53,100,2.3,83,76,Advanced
1472,16,73,3.63,41,59,97,3.1,92,95,Advanced
1473,17,94,3.0,69,66,66,3.5,93,74,Advanced
1474,22,83,3.95,61,47,99,2.2,67,63,Advanced
1475,18,85,3.19,74,67,64,3.0,82,84,Advanced
1476,22,90,2.57,79,100,99,7.3,46,45,Advanced
1477,17,55,3.3,79,99,66,1.7,87,88,Advanced
1478,17,90,2.89,77,91,42,5.7,94,66,Advanced
1479,19,64,3.55,75,64,47,2.4,70,100,Advanced
1480,17,72,3.94,98,69,66,7.4,81,85,Advanced
1481,22,50,3.88,90,54,72,3.0,96,82,Advanced
1482,20,69,3.68,90,98,66,5.7,40,97,Advanced
1483,22,52,2.03,49,90,63,6.9,73,92,Advanced
1484,21,71,2.34,76,67,55,4.9,65,52,Advanced
1485,22,53,3.6,76,67,48,7.6,64,86,Advanced
1486,18,75,3.81,73,50,67,2.6,85,91,Advanced
1487,18,82,2.24,76,90,65,6.9,80,98,Advanced
1488,20,85,2.32,60,53,45,1.7,67,40,Advanced
1489,18,51,3.24,74,98,45,5.0,41,87,Advanced
1490,18,79,3.27,89,62,51,2.7,97,54,Advanced
1491,20,62,3.07,55,86,89,6.6,64,89,Advanced
1492,20,92,2.1,45,99,49,5.4,80,77,Advanced
1493,17,57,2.92,78,47,46,2.0,56,97,Advanced
1494,18,55,2.15,94,63,98,6.9,65,46,Advanced
1495,23,100,2.04,44,71,80,1.5,83,66,Advanced
1496,22,70,3.27,68,91,50,2.3,40,97,Advanced
1497,18,92,3.13,78,94,42,1.8,61,62,Advanced
1498,23,89,3.2,40,50,73,6.2,99,47,Advanced
1499,19,88,2.06,41,73,72,6.3,53,95,Advanced
1500,21,57,3.8,41,60,48,2.5,86,84,Advanced
1501,18,67,2.55,52,45,62,6.0,81,58,Advanced
1502,23,97,3.62,67,72,100,3.8,52,56,Advanced
1503,18,62,3.37,96,85,57,7.7,46,77,Advanced
1504,20,60,3.59,86,71,67,7.2,67,78,Advanced
1505,20,70,3.25,78,64,67,2.4,62,63,Advanced
1506,17,78,2.33,42,72,56,5.1,58,78,Advanced
1507,21,75,2.06,51,91,60,4.0,51,62,Advanced
1508,19,54,2.43,63,63,49,6.5,47,40,Advanced
1509,21,94,2.02,61,53,69,5.0,60,97,Advanced
1510,19,85,2.13,58,78,53,4.7,46,75,Advanced
1511,20,95,3.22,96,91,95,5.7,76,97,Advanced
1512,22,93,3.51,60,92,60,2.4,43,91,Advanced
1513,23,81,2.09,57,66,47,1.9,50,78,Advanced
1514,21,87,2.77,76,41,58,1.1,90,94,Advanced
1515,16,79,2.57,93,65,42,7.3,98,73,Advanced
1516,16,71,3.29,44,70,46,6.8,66,86,Advanced
1517,20,67,2.63,62,65,45,4.9,60,71,Advanced
1518,16,75,2.6,69,71,94,5.5,98,47,Advanced
1519,21,89,2.21,54,43,92,1.1,46,60,Advanced
1520,22,64,2.34,52,86,97,6.7,92,97,Advanced
1521,16,94,3.74,56,96,90,1.3,43,100,Advanced
1522,20,54,2.53,84,79,90,6.7,57,84,Advanced
1523,18,58,3.17,47,48,60,7.0,88,77,Advanced
1524,22,90,2.89,47,73,73,2.7,70,82,Advanced
1525,23,67,2.64,86,70,54,1.6,89,58,Advanced
1526,17,72,3.12,95,55,82,5.5,94,53,Advanced
1527,17,54,3.94,43,53,40,5.7,69,92,Advanced
1528,22,62,2.98,61,53,92,5.1,73,72,Advanced
1529,21,98,3.89,85,69,81,2.1,72,46,Advanced
1530,18,64,3.83,64,68,95,5.3,52,89,Advanced
1531,22,62,2.14,67,50,83,3.2,95,76,Advanced
1532,17,59,2.92,46,87,47,2.7,97,69,Advanced
1533,18,67,2.06,82,73,68,3.5,47,99,Advanced
1534,17,72,2.86,49,65,72,4.0,61,43,Advanced
1535,23,67,2.74,43,81,64,6.1,67,52,Advanced
1536,20,62,2.81,78,57,73,5.3,73,67,Advanced
1537,17,93,2.1,55,47,54,1.8,97,42,Advanced
1538,20,65,2.13,46,57,54,7.2,84,85,Advanced
1539,22,75,2.79,54,86,92,7.2,57,71,Advanced
1540,19,60,3.57,62,80,58,5.9,58,86,Advanced
1541,16,56,2.37,98,84,79,4.3,59,94,Advanced
1542,19,60,2.63,44,50,51,3.3,69,49,Advanced
1543,16,92,2.95,61,41,51,7.8,96,44,Advanced
1544,18,93,3.52,40,78,62,7.8,77,40,Advanced
1545,23,65,2.95,42,92,41,5.0,58,93,Advanced
1546,19,83,3.01,88,49,89,1.7,59,91,Advanced
1547,21,78,2.98,62,74,56,5.6,56,63,Advanced
1548,23,50,3.66,59,85,61,7.2,89,82,Advanced
1549,23,57,2.54,73,86,80,1.1,66,94,Advanced
1550,19,92,3.99,62,71,41,2.7,87,84,Advanced
1551,22,73,2.41,45,52,98,7.7,80,46,Advanced
1552,20,90,3.36,97,98,68,7.9,96,73,Advanced
1553,18,66,3.82,62,96,61,3.7,66,100,Advanced
1554,20,69,2.38,77,73,84,3.4,79,47,Advanced
1555,22,100,2.91,90,90,62,3.0,40,71,Advanced
1556,18,79,3.36,73,58,79,4.9,50,59,Advanced
1557,23,68,2.13,58,40,69,1.3,58,92,Advanced
1558,17,53,2.98,40,67,62,5.6,40,43,Advanced
1559,20,58,2.7,58,90,94,4.5,89,75,Advanced
1560,18,55,3.43,49,86,52,4.0,98,45,Advanced
1561,20,64,2.06,99,62,55,6.7,80,64,Advanced
1562,22,75,3.93,46,97,56,7.4,78,59,Advanced
1563,18,86,2.87,96,60,91,5.0,83,89,Advanced
1564,19,66,2.27,75,52,59,3.1,59,76,Advanced
1565,23,84,2.37,90,96,93,4.1,48,73,Advanced
1566,23,94,2.63,99,83,85,3.5,62,67,Advanced
1567,23,76,3.92,69,41,98,4.9,89,66,Advanced
1568,17,98,2.28,98,59,90,2.7,72,63,Advanced
1569,18,89,3.09,76,96,58,1.4,94,65,Advanced
1570,18,75,3.34,69,91,88,7.1,69,93,Advanced
1571,16,55,2.11,93,81,46,3.3,46,92,Advanced
1572,20,86,2.96,61,95,43,1.9,77,83,Advanced
1573,16,94,2.41,49,75,87,7.8,48,54,Advanced
1574,18,69,3.26,86,99,40,6.6,79,84,Advanced
1575,19,57,2.13,49,78,96,1.8,46,55,Advanced
1576,19,56,2.95,93,72,68,3.7,99,47,Advanced
1577,20,75,2.97,51,92,55,6.9,74,56,Advanced
1578,23,92,3.23,67,49,80,1.2,49,92,Advanced
1579,19,60,3.02,84,74,52,4.3,58,58,Advanced
1580,17,87,2.99,82,57,65,3.7,91,46,Advanced
1581,23,76,3.63,49,41,58,4.2,76,64,Advanced
1582,16,87,2.61,81,81,97,5.6,68,42,Advanced
1583,21,58,2.94,86,69,57,1.1,50,62,Advanced
1584,19,72,3.81,73,64,72,1.4,81,49,Advanced
1585,21,91,3.44,61,69,85,7.0,48,57,Advanced
1586,20,75,2.14,93,81,70,3.6,70,78,Advanced
1587,18,86,3.42,72,89,82,4.7,48,84,Advanced
1588,21,87,3.91,62,77,79,6.8,44,42,Advanced
1589,16,96,2.32,46,82,46,4.5,83,70,Advanced
1590,21,98,2.46,89,91,98,6.1,55,46,Advanced
1591,18,96,3.78,88,66,99,1.5,79,56,Advanced
1592,17,52,3.69,44,68,88,3.6,80,93,Advanced
1593,16,61,2.64,84,68,64,1.9,80,76,Advanced
1594,19,62,2.5,68,83,58,2.6,87,50,Advanced
1595,22,83,3.62,52,45,77,1.2,82,46,Advanced
1596,19,52,3.62,97,40,63,6.4,76,74,Advanced
1597,17,71,2.37,86,98,86,5.5,71,52,Advanced
1598,19,86,3.66,72,62,62,5.3,75,94,Advanced
1599,18,54,2.88,80,64,95,1.5,45,48,Advanced
1600,20,56,2.24,54,43,78,4.8,41,54,Advanced
1601,20,66,2.78,62,44,95,7.1,58,44,Advanced
1602,19,83,3.86,72,59,65,5.3,74,84,Advanced
1603,17,87,2.94,98,56,81,1.2,61,66,Advanced
1604,20,62,2.67,88,43,48,2.4,92,86,Advanced
1605,21,98,3.33,96,43,55,4.5,91,100,Advanced
1606,16,72,3.96,100,66,78,6.2,99,45,Advanced
1607,23,58,2.54,42,46,42,4.5,54,81,Advanced
1608,21,77,2.96,90,94,96,7.8,41,99,Advanced
1609,16,51,3.55,91,52,74,5.3,64,83,Advanced
1610,16,85,2.96,64,89,64,5.9,67,84,Advanced
1611,22,85,2.28,68,47,97,5.3,97,63,Advanced
1612,21,62,2.69,98,43,55,2.6,77,40,Advanced
1613,19,76,3.49,96,91,90,4.8,42,91,Advanced
1614,16,96,2.5,43,44,43,1.9,51,58,Advanced
1615,16,70,2.7,81,96,55,8.0,48,78,Advanced
1616,22,80,3.32,82,44,44,2.8,74,53,Advanced
1617,23,95,3.47,62,97,98,7.0,68,85,Advanced
1618,20,73,3.56,58,95,81,2.7,97,57,Advanced
1619,21,94,3.08,46,43,62,7.3,85,100,Advanced
1620,23,67,2.16,98,48,93,7.8,54,59,Advanced
1621,19,57,2.74,92,90,49,1.3,55,84,Advanced
1622,23,91,3.53,100,47,41,4.5,42,57,Advanced
1623,20,87,2.77,92,45,43,3.0,79,64,Advanced
1624,23,51,3.73,64,68,42,2.6,64,51,Advanced
1625,22,84,2.1,59,42,74,6.3,99,41,Advanced
1626,21,66,3.62,77,53,88,1.2,86,93,Advanced
1627,22,77,3.57,99,87,88,1.4,46,75,Advanced
1628,22,96,3.86,58,94,100,4.7,67,76,Advanced
1629,20,60,3.92,69,87,99,2.7,98,40,Advanced
1630,20,93,3.9,45,55,89,4.8,61,76,Advanced
1631,22,52,3.23,63,57,82,2.8,81,91,Advanced
1632,16,57,2.61,82,60,93,2.9,51,68,Advanced
1633,23,51,2.88,69,42,62,4.4,94,75,Advanced
1634,19,76,2.12,100,45,57,7.3,75,60,Advanced
1635,17,78,2.36,89,90,57,2.8,71,48,Advanced
1636,19,90,2.35,95,79,81,1.3,47,81,Advanced
1637,16,61,3.37,95,68,77,3.2,75,85,Advanced
1638,19,53,3.9,56,56,41,5.7,94,94,Advanced
1639,21,84,3.44,78,55,62,1.8,72,68,Advanced
1640,17,82,2.15,53,60,76,3.6,92,83,Advanced
1641,22,54,3.28,96,58,49,1.2,78,90,Advanced
1642,21,71,3.95,97,81,63,4.3,58,79,Advanced
1643,16,60,2.74,58,99,49,7.4,41,46,Advanced
1644,19,70,3.02,89,87,72,6.5,85,62,Advanced
1645,19,74,3.66,42,82,86,2.1,88,81,Advanced
1646,17,54,3.92,54,76,72,8.0,80,75,Advanced
1647,22,84,3.47,94,96,73,6.6,78,70,Advanced
1648,23,70,2.54,93,76,58,7.4,61,55,Advanced
1649,21,64,2.91,87,47,84,2.7,86,96,Advanced
1650,22,73,2.16,75,72,44,7.4,81,70,Advanced
1651,19,78,3.57,54,76,92,6.8,48,99,Advanced
1652,19,99,3.82,83,77,82,2.0,56,90,Advanced
1653,20,71,2.63,45,66,66,4.5,49,76,Advanced
1654,23,90,3.76,52,97,51,7.1,40,50,Advanced
1655,17,76,2.53,75,85,99,4.3,46,48,Advanced
1656,16,77,2.05,50,44,48,4.6,73,98,Advanced
1657,22,77,2.71,65,84,75,2.7,58,47,Advanced
1658,21,71,3.18,79,46,86,1.3,87,98,Advanced
1659,21,78,3.82,80,68,87,6.8,58,88,Advanced
1660,23,94,2.27,51,86,89,5.1,92,99,Advanced
1661,17,59,3.79,77,77,63,5.7,69,64,Advanced
1662,21,78,2.35,86,77,57,7.6,46,54,Advanced
1663,20,81,2.68,76,73,97,4.7,72,94,Advanced
1664,22,68,2.65,60,88,51,7.7,42,92,Advanced
1665,19,77,3.04,76,96,79,3.2,62,58,Advanced
1666,18,57,2.58,71,68,54,7.2,58,100,Advanced
1667,20,88,3.51,99,54,82,3.0,46,53,Advanced
1668,18,51,3.2,42,97,74,4.8,52,40,Advanced
1669,23,51,2.74,58,100,100,5.0,86,68,Advanced
1670,18,79,2.59,47,85,85,7.4,47,68,Advanced
1671,22,81,2.53,95,48,57,6.1,47,62,Advanced
1672,17,97,3.59,86,44,60,2.1,61,57,Advanced
1673,23,90,3.47,83,89,44,5.9,60,97,Advanced
1674,16,77,2.2,85,90,73,3.2,93,75,Advanced
1675,16,90,3.25,55,48,77,3.6,100,54,Advanced
1676,19,66,2.94,71,92,51,6.1,58,48,Advanced
1677,19,90,3.75,100,73,94,6.1,53,40,Advanced
1678,22,54,2.98,79,53,85,2.2,66,84,Advanced
1679,20,89,2.76,77,55,80,3.4,73,82,Advanced
1680,18,69,3.68,96,58,82,4.4,90,80,Advanced
1681,22,88,2.71,70,58,46,2.5,96,97,Advanced
1682,20,76,3.94,60,55,82,4.0,51,69,Advanced
1683,21,92,2.23,84,65,85,1.9,96,70,Advanced
1684,23,88,2.82,55,41,58,2.9,53,96,Advanced
1685,22,53,3.12,60,56,83,3.2,65,91,Advanced
1686,23,77,2.8,98,43,57,4.4,54,61,Advanced
1687,16,69,2.9,54,76,96,2.2,53,89,Advanced
1688,17,89,3.22,48,78,74,1.1,86,41,Advanced
1689,22,55,3.56,61,98,62,6.4,75,44,Advanced
1690,16,83,2.42,74,52,50,6.9,65,95,Advanced
1691,19,68,3.6,98,63,61,3.9,75,86,Advanced
1692,19,50,2.07,41,88,100,4.7,72,65,Advanced
1693,23,52,2.31,59,41,54,5.4,84,55,Advanced
1694,16,67,3.5,92,90,64,5.6,48,92,Advanced
1695,20,55,2.15,72,86,85,6.3,66,41,Advanced
1696,16,97,3.66,78,98,49,1.7,77,90,Advanced
1697,22,62,3.66,94,59,90,3.3,72,87,Advanced
1698,16,69,2.55,52,46,56,7.8,76,70,Advanced
1699,22,68,2.86,54,66,75,2.9,58,98,Advanced
1700,19,74,2.03,71,86,65,7.7,88,74,Advanced
1701,17,78,2.45,41,65,89,2.6,63,70,Advanced
1702,17,91,2.62,49,91,80,7.8,46,75,Advanced
1703,18,63,3.73,71,77,55,1.6,65,79,Advanced
1704,23,83,3.45,76,88,54,1.4,71,56,Advanced
1705,22,69,3.48,93,49,42,3.3,76,78,Advanced
1706,22,50,2.54,53,88,75,6.6,74,71,Advanced
1707,21,91,2.47,69,85,70,4.6,94,87,Advanced
1708,17,56,2.85,44,64,48,6.3,50,73,Advanced
1709,17,60,2.39,95,47,42,7.2,71,50,Advanced
1710,23,58,3.5,75,66,65,1.1,47,67,Advanced
1711,20,96,3.84,83,57,73,3.3,96,63,Advanced
1712,18,59,2.58,83,53,91,5.3,85,63,Advanced
1713,20,80,2.93,99,61,99,6.2,94,99,Advanced
1714,18,60,3.05,93,70,40,3.2,51,49,Advanced
1715,23,54,3.99,40,59,84,2.3,84,46,Advanced
1716,23,71,2.19,79,69,78,2.1,62,80,Advanced
1717,19,72,3.26,99,52,57,3.0,98,95,Advanced
1718,22,87,3.46,63,79,89,3.8,56,75,Advanced
1719,19,54,3.19,46,86,53,3.0,56,76,Advanced
1720,17,58,3.59,77,81,89,3.7,76,89,Advanced
1721,20,97,3.74,82,98,70,2.5,40,90,Advanced
1722,19,63,2.18,91,79,49,2.0,70,95,Advanced
1723,16,70,2.16,43,48,72,6.7,67,82,Advanced
1724,23,70,2.61,88,47,55,4.9,64,89,Advanced
1725,22,95,2.95,59,93,73,3.2,45,96,Advanced
1726,19,60,3.89,93,57,85,2.0,67,75,Advanced
1727,23,81,3.39,56,83,47,4.9,67,81,Advanced
1728,21,61,2.05,63,94,69,6.4,62,86,Advanced
1729,22,63,3.23,96,98,100,2.3,63,51,Advanced
1730,16,62,2.88,73,52,40,5.1,61,46,Advanced
1731,21,66,3.01,40,78,57,1.2,57,81,Advanced
1732,23,75,2.09,84,85,56,2.9,43,76,Advanced
1733,16,95,3.86,78,80,69,4.4,70,87,Advanced
1734,17,52,2.74,79,97,85,2.1,87,51,Advanced
1735,18,55,2.84,94,47,43,4.1,85,43,Advanced
1736,21,56,3.72,57,94,52,5.6,87,41,Advanced
1737,21,93,3.7,60,97,85,2.2,77,86,Advanced
1738,21,83,2.03,82,65,66,6.9,82,43,Advanced
1739,17,62,3.65,72,49,86,2.9,51,68,Advanced
1740,16,67,3.22,84,72,66,2.2,87,93,Advanced
1741,16,69,2.55,62,47,61,4.3,93,84,Advanced
1742,17,86,3.86,45,47,98,1.6,86,45,Advanced
1743,18,70,3.18,41,89,50,6.5,53,80,Advanced
1744,21,79,2.16,86,100,55,3.2,83,81,Advanced
1745,19,97,3.51,48,59,43,3.7,58,51,Advanced
1746,20,58,3.13,66,54,93,2.3,96,52,Advanced
1747,18,68,2.52,68,56,45,4.4,77,63,Advanced
1748,21,99,3.28,68,93,80,5.8,50,42,Advanced
1749,22,59,3.08,53,84,67,3.4,91,83,Advanced
1750,20,63,2.68,72,75,93,6.2,57,45,Advanced
1751,19,66,2.44,56,42,99,1.8,82,80,Advanced
1752,18,80,2.28,77,60,63,4.9,82,77,Advanced
1753,16,70,3.4,80,62,95,7.3,50,66,Advanced
1754,23,71,2.67,97,46,51,7.4,59,50,Advanced
1755,23,84,2.37,41,68,91,5.3,77,76,Advanced
1756,22,96,2.8,93,55,56,6.1,78,61,Advanced
1757,23,93,2.8,42,99,96,2.6,99,97,Advanced
1758,17,76,2.85,57,76,65,5.2,50,72,Advanced
1759,18,69,3.77,84,100,73,2.4,76,88,Advanced
1760,18,58,3.33,90,43,45,3.2,89,49,Advanced
1761,21,79,2.79,69,40,82,2.0,96,51,Advanced
1762,20,69,2.16,55,94,53,4.1,86,55,Advanced
1763,18,93,3.11,89,63,40,4.3,62,46,Advanced
1764,23,85,3.37,84,53,98,4.3,64,93,Advanced
1765,23,95,2.49,98,46,64,1.9,88,99,Advanced
1766,18,75,3.55,97,58,92,5.7,95,67,Advanced
1767,22,84,2.14,71,82,87,7.8,41,54,Advanced
1768,18,99,2.47,63,61,72,6.8,79,78,Advanced
1769,22,54,3.29,48,71,52,1.3,59,67,Advanced
1770,17,71,2.77,51,67,49,3.0,64,83,Advanced
1771,23,52,2.52,66,51,50,3.8,73,93,Advanced
1772,17,79,3.61,62,83,86,1.7,95,65,Advanced
1773,16,60,2.64,76,72,64,5.8,40,71,Advanced
1774,22,77,3.54,59,67,56,6.2,47,78,Advanced
1775,23,82,2.75,70,85,61,6.9,63,47,Advanced
1776,18,77,3.06,64,95,83,1.6,40,61,Advanced
1777,20,62,3.03,79,86,95,4.2,43,69,Advanced
1778,20,52,2.24,71,69,63,1.4,78,83,Advanced
1779,21,66,2.85,83,58,89,6.7,74,57,Advanced
1780,18,68,2.71,41,68,60,3.1,42,78,Advanced
1781,17,72,3.46,74,87,65,2.7,45,74,Advanced
1782,17,58,3.45,80,71,67,7.2,62,69,Advanced
1783,19,96,3.64,76,69,42,1.5,63,42,Advanced
1784,18,88,3.95,80,91,96,1.7,72,86,Advanced
1785,17,71,3.85,87,59,67,3.8,51,100,Advanced
1786,20,96,3.31,96,45,93,7.4,47,90,Advanced
1787,19,86,2.52,59,79,72,4.8,90,55,Advanced
1788,16,73,3.15,53,88,99,4.1,87,84,Advanced
1789,18,67,3.0,42,78,65,7.4,83,58,Advanced
1790,20,50,2.81,41,90,66,5.6,57,57,Advanced
1791,23,88,3.58,80,60,46,2.5,41,85,Advanced
1792,21,64,2.13,58,86,85,5.3,69,77,Advanced
1793,22,90,3.19,74,64,70,7.5,40,61,Advanced
1794,21,70,2.69,68,49,69,7.0,71,53,Advanced
1795,18,93,2.78,65,42,82,7.0,45,80,Advanced
1796,23,85,3.97,45,53,87,7.9,63,59,Advanced
1797,20,98,2.63,83,69,41,2.1,77,50,Advanced
1798,21,86,2.86,88,41,88,7.8,75,87,Advanced
1799,23,65,2.75,74,48,64,5.2,94,47,Advanced
1800,17,75,2.44,47,76,58,2.3,50,89,Advanced
1801,22,85,2.82,88,53,66,7.3,57,60,Advanced
1802,21,90,2.21,96,83,80,6.3,60,72,Advanced
1803,22,64,3.72,71,88,69,3.0,99,68,Advanced
1804,18,61,2.8,40,74,93,3.3,69,81,Advanced
1805,18,93,3.81,64,77,81,3.9,66,66,Advanced
1806,19,90,2.06,54,48,79,5.3,45,78,Advanced
1807,22,51,2.65,55,50,76,5.4,83,45,Advanced
1808,21,51,3.49,96,90,81,3.7,72,95,Advanced
1809,19,60,2.92,86,95,55,2.2,99,85,Advanced
1810,19,70,2.27,44,97,41,2.4,69,69,Advanced
1811,19,93,3.21,55,90,51,7.8,72,81,Advanced
1812,17,88,3.68,95,98,98,2.1,69,86,Advanced
1813,17,50,3.5,83,83,66,7.1,70,95,Advanced
1814,22,54,3.57,56,96,85,4.8,85,89,Advanced
1815,16,78,2.96,86,43,58,6.7,93,92,Advanced
1816,16,73,2.8,99,72,80,5.5,67,90,Advanced
1817,17,56,2.29,56,88,92,5.1,90,47,Advanced
1818,18,73,2.83,61,49,98,2.7,70,53,Advanced
1819,20,56,2.66,84,44,69,7.3,71,88,Advanced
1820,19,98,2.52,58,84,68,3.3,68,84,Advanced
1821,20,86,2.55,42,88,48,2.0,58,41,Advanced
1822,19,73,3.13,85,58,59,7.6,50,76,Advanced
1823,20,80,3.43,83,58,49,6.2,84,48,Advanced
1824,18,88,2.58,64,56,80,2.6,94,53,Advanced
1825,20,59,3.17,56,63,86,4.6,95,73,Advanced
1826,22,80,3.24,50,62,81,2.1,94,72,Advanced
1827,21,83,2.75,95,99,71,5.5,95,73,Advanced
1828,23,61,2.97,64,40,82,7.6,61,54,Advanced
1829,20,63,2.45,57,78,89,6.1,47,81,Advanced
1830,19,72,3.0,76,98,80,7.3,93,87,Advanced
1831,19,97,2.41,82,42,65,5.4,100,61,Advanced
1832,17,67,3.11,74,94,87,4.8,45,91,Advanced
1833,16,78,3.13,55,55,56,6.6,51,84,Advanced
1834,19,64,3.38,69,51,42,7.9,57,75,Advanced
1835,20,55,3.49,86,93,98,1.4,97,48,Advanced
1836,20,53,2.42,55,77,88,5.1,69,46,Advanced
1837,16,70,3.58,44,52,70,1.8,45,70,Advanced
1838,19,56,3.08,53,78,71,3.1,40,77,Advanced
1839,22,57,3.44,68,89,81,2.4,91,80,Advanced
1840,23,50,2.5,66,78,57,4.4,51,61,Advanced
1841,23,82,2.57,81,59,56,7.1,55,61,Advanced
1842,20,93,3.12,59,80,68,1.8,88,100,Advanced
1843,18,81,2.01,97,72,70,4.5,51,44,Advanced
1844,22,93,2.61,99,95,68,3.4,83,74,Advanced
1845,18,62,3.56,88,54,53,3.2,59,60,Advanced
1846,23,56,3.37,99,79,53,5.0,49,60,Advanced
1847,18,62,3.53,90,50,94,2.1,82,50,Advanced
1848,21,83,3.96,81,78,90,3.9,86,57,Advanced
1849,19,66,2.94,94,93,59,3.6,59,61,Advanced
1850,21,97,2.63,59,67,76,3.8,66,40,Advanced
1851,22,53,3.94,62,81,91,2.0,69,89,Advanced
1852,20,51,3.64,52,53,82,6.0,58,93,Advanced
1853,21,51,2.64,90,64,60,4.9,87,52,Advanced
1854,19,89,3.01,94,57,46,1.5,50,60,Advanced
1855,23,96,3.19,100,100,42,6.5,64,84,Advanced
1856,23,65,2.56,78,77,64,1.4,43,80,Advanced
1857,21,67,3.08,68,99,58,1.8,48,96,Advanced
1858,17,70,3.95,86,66,92,2.1,49,77,Advanced
1859,20,86,2.4,45,68,55,3.3,74,88,Advanced
1860,20,85,3.06,58,84,41,2.0,89,44,Advanced
1861,21,73,3.81,68,87,96,2.5,60,69,Advanced
1862,19,79,2.72,52,83,85,2.8,78,87,Advanced
1863,16,58,2.24,66,67,65,6.6,91,43,Advanced
1864,16,82,2.75,76,67,42,7.7,95,91,Advanced
1865,21,100,3.08,58,76,61,5.4,87,44,Advanced
1866,17,85,3.56,74,50,91,4.6,94,45,Advanced
1867,23,89,3.3,52,88,44,6.4,67,92,Advanced
1868,20,79,2.9,96,87,49,5.6,44,51,Advanced
1869,21,79,3.06,84,87,92,7.6,96,41,Advanced
1870,22,86,2.59,79,93,64,1.1,54,60,Advanced
1871,22,59,2.52,54,77,83,6.4,74,69,Advanced
1872,19,99,3.64,99,62,97,7.2,95,76,Advanced
1873,18,62,3.55,53,59,51,1.7,74,78,Advanced
1874,16,99,2.25,62,44,60,7.1,99,54,Advanced
1875,19,62,2.61,67,57,54,7.6,53,89,Advanced
1876,21,51,2.27,97,100,68,1.9,100,64,Advanced
1877,16,78,3.74,94,87,53,3.7,68,68,Advanced
1878,22,62,2.41,64,77,92,1.9,51,72,Advanced
1879,17,60,3.51,47,100,71,6.2,62,87,Advanced
1880,21,76,2.38,45,91,72,3.5,56,72,Advanced
1881,17,79,2.03,64,91,66,3.8,94,46,Advanced
1882,21,73,3.89,93,44,67,7.6,81,59,Advanced
1883,19,94,2.17,81,91,64,7.1,41,100,Advanced
1884,20,96,3.29,60,42,49,6.9,51,76,Advanced
1885,16,58,3.04,48,84,70,6.3,43,78,Advanced
1886,19,97,3.32,63,79,66,6.8,66,51,Advanced
1887,18,83,3.93,87,91,91,5.7,63,96,Advanced
1888,17,100,2.32,71,53,59,3.8,63,98,Advanced
1889,20,89,2.64,90,41,61,1.2,70,42,Advanced
1890,18,76,2.09,64,88,78,6.1,50,50,Advanced
1891,17,50,2.7,54,45,66,7.9,47,70,Advanced
1892,23,76,3.71,74,68,48,7.0,91,80,Advanced
1893,16,69,2.95,97,97,56,1.9,82,74,Advanced
1894,21,89,3.34,46,70,71,6.2,94,76,Advanced
1895,19,58,2.44,48,91,100,2.0,82,45,Advanced
1896,17,95,2.81,96,79,46,2.7,56,51,Advanced
1897,20,71,3.42,69,82,77,4.6,76,96,Advanced
1898,20,98,3.8,60,67,63,5.6,77,87,Advanced
1899,16,97,3.81,64,80,43,6.6,51,40,Advanced
1900,18,90,2.07,90,55,50,3.8,40,76,Advanced
1901,23,80,3.72,52,80,95,6.7,76,65,Advanced
1902,23,63,2.91,56,74,68,1.8,57,81,Advanced
1903,21,71,3.99,51,56,61,6.6,71,89,Advanced
1904,23,92,2.19,94,61,88,4.6,44,90,Advanced
1905,21,77,3.28,74,48,46,2.6,69,93,Advanced
1906,17,57,3.1,58,48,95,3.4,68,67,Advanced
1907,17,82,2.37,92,100,96,8.0,52,49,Advanced
1908,19,99,2.03,86,87,62,4.7,89,49,Advanced
1909,16,84,2.73,54,84,100,8.0,50,63,Advanced
1910,18,56,3.36,80,80,94,5.3,93,99,Advanced
1911,18,84,3.88,79,67,94,2.4,43,100,Advanced
1912,22,68,2.78,73,66,97,4.3,60,48,Advanced
1913,20,50,2.15,85,75,82,3.2,99,86,Advanced
1914,17,53,3.51,48,49,70,6.8,88,91,Advanced
1915,19,75,3.57,81,66,65,5.1,55,93,Advanced
1916,21,54,2.45,100,57,48,7.2,47,86,Advanced
1917,18,63,2.89,83,57,88,3.3,80,47,Advanced
1918,20,83,2.21,80,78,70,2.6,68,59,Advanced
1919,17,84,3.49,69,49,44,7.2,88,98,Advanced
1920,21,67,3.9,42,64,93,7.2,47,80,Advanced
1921,23,77,3.17,96,85,84,7.1,71,88,Advanced
1922,20,64,3.05,45,86,78,7.7,95,63,Advanced
1923,19,92,2.99,84,67,66,1.4,46,95,Advanced
1924,20,96,3.46,97,56,80,4.6,66,82,Advanced
1925,20,72,2.17,46,85,91,4.4,77,71,Advanced
1926,19,87,2.87,57,46,89,6.8,71,75,Advanced
1927,22,88,3.04,99,82,64,1.3,46,77,Advanced
1928,17,86,2.19,88,55,63,5.1,85,97,Advanced
1929,22,75,3.44,42,62,81,6.5,94,69,Advanced
1930,16,75,3.63,80,87,89,4.0,98,41,Advanced
1931,19,86,2.36,80,100,61,1.7,98,66,Advanced
1932,16,96,2.91,97,56,62,6.7,62,62,Advanced
1933,19,67,2.89,43,60,69,5.9,80,56,Advanced
1934,18,63,3.12,95,75,81,3.3,65,88,Advanced
1935,21,99,3.63,94,71,94,1.6,62,79,Advanced
1936,19,70,3.66,46,98,86,1.6,65,60,Advanced
1937,23,90,2.37,64,52,56,7.0,71,62,Advanced
1938,21,78,3.79,88,50,50,3.3,47,52,Advanced
1939,20,82,3.4,75,58,88,4.9,51,65,Advanced
1940,17,62,2.19,85,78,98,7.1,65,94,Advanced
1941,20,59,3.43,74,62,65,1.9,64,46,Advanced
1942,20,89,3.14,45,60,54,4.1,42,55,Advanced
1943,18,92,3.99,41,71,54,6.8,54,55,Advanced
1944,19,78,3.3,53,49,40,3.1,41,94,Advanced
1945,23,78,2.83,75,76,52,3.9,94,73,Advanced
1946,22,90,3.15,97,64,87,2.8,90,63,Advanced
1947,20,77,2.74,97,99,99,2.6,74,62,Advanced
1948,17,94,2.27,95,92,84,2.7,74,77,Advanced
1949,18,56,3.96,90,72,85,4.3,60,46,Advanced
1950,19,96,2.7,84,81,75,6.7,54,69,Advanced
1951,20,86,3.67,69,79,68,4.5,67,44,Advanced
1952,18,51,3.12,75,81,43,7.3,70,95,Advanced
1953,18,54,3.36,44,86,57,5.0,100,97,Advanced
1954,16,95,3.2,67,85,88,7.6,65,53,Advanced
1955,23,69,3.08,83,59,61,2.6,91,96,Advanced
1956,22,59,3.53,83,77,60,7.0,79,43,Advanced
1957,21,87,2.24,44,79,44,4.7,86,50,Advanced
1958,19,65,3.96,89,88,51,6.9,41,81,Advanced
1959,23,96,2.24,45,46,100,3.8,84,100,Advanced
1960,22,76,2.76,70,48,94,3.4,46,59,Advanced
1961,21,61,3.41,96,56,71,1.6,56,65,Advanced
1962,19,64,2.7,81,80,45,3.4,88,46,Advanced
1963,20,51,3.76,43,75,43,5.8,46,50,Advanced
1964,16,83,2.03,60,64,59,1.2,97,76,Advanced
1965,21,54,3.91,52,80,79,4.5,74,53,Advanced
1966,21,56,3.74,98,49,78,3.6,51,97,Advanced
1967,23,95,3.69,89,51,72,2.0,92,68,Advanced
1968,16,89,2.08,74,96,90,7.6,91,99,Advanced
1969,20,68,2.22,83,51,77,4.6,97,46,Advanced
1970,23,62,3.21,79,98,61,7.6,99,82,Advanced
1971,22,100,2.9,47,82,75,1.5,55,63,Advanced
1972,18,65,3.92,71,52,90,3.8,62,43,Advanced
1973,23,92,3.42,93,77,46,6.9,45,82,Advanced
1974,21,83,3.13,84,74,73,3.8,74,81,Advanced
1975,19,68,2.64,68,88,52,3.1,80,67,Advanced
1976,22,77,2.75,71,41,71,1.7,75,70,Advanced
1977,22,69,3.0,90,89,58,6.4,84,43,Advanced
1978,16,62,3.89,59,97,77,6.2,76,74,Advanced
1979,18,91,2.63,43,74,41,1.3,59,64,Advanced
1980,19,72,3.93,43,92,92,5.8,67,87,Advanced
1981,18,82,2.74,84,42,98,2.5,69,100,Advanced
1982,18,64,3.42,44,85,53,4.5,76,80,Advanced
1983,16,52,3.84,53,97,84,1.8,58,40,Advanced
1984,19,92,3.63,93,61,51,7.9,92,54,Advanced
1985,21,75,2.09,49,78,55,5.4,56,96,Advanced
1986,22,93,3.14,95,97,80,3.2,100,96,Advanced
1987,20,76,3.38,66,92,66,3.6,93,97,Advanced
1988,19,99,2.98,78,40,80,5.8,42,84,Advanced
1989,23,58,3.33,54,44,80,1.8,50,97,Advanced
1990,23,54,2.37,60,50,100,6.2,83,85,Advanced
1991,22,68,3.07,58,94,76,2.8,88,47,Advanced
1992,22,62,3.9,75,94,71,2.4,73,42,Advanced
1993,23,80,2.22,54,42,93,3.7,45,88,Advanced
1994,17,65,2.87,63,68,87,2.0,78,89,Advanced
1995,16,92,3.87,89,52,89,2.5,60,42,Advanced
1996,16,59,2.68,100,56,98,2.2,69,52,Advanced
1997,16,75,2.76,100,58,72,1.4,51,80,Advanced
1998,19,71,3.32,68,41,95,4.1,93,55,Advanced
1999,20,85,2.32,75,60,43,1.8,44,66,Advanced
2000,16,89,3.44,86,99,60,3.6,49,97,Advanced
